Company,Paddle,Core Thickness (mm),Condition,Date Entered,Retail Price,Discount Code,Discount,Discounted Price,Link to Purchase,Certification Status,Warranty,Shape,Build,Manufacturing Process,Surface Texture,Surface Layup,Core Type,Deflection (lbs),Spin RPM,Spin Z Score,Spin Z Min,Spin Z Max,Spin Scaled Z-Score,Spin Category,Spin Durability Tier,Length (in),Width (in),Handle Length (in),Static Weight (oz),Swing Weight,Swing Weight Z Score,Swing Z Min,Swing Z Max,Swing Scaled Z-Score,Twist Weight,Twist Weight Z Score,Twist Z Min,Twist Z Max,Twist Scaled Z-Score,Balance Point (cm),Balance Point Z Score,Balance Z Min,Balance Z Max,Balance Scaled Z-Score,Hand Speed Index (0-100),Hand Speed Z Score,Serve Speed-MPH (Power),Power Z Score,Power Z Min,Power Z Max,Power Scaled Z-Score,Punch Volley Speed-MPH (Pop),Pop Z Score,Pop Z Min,Pop Z Max,Pop Scaled Z-Score,Firepower (0-100),KewCOR,"Serve Speed-MPH (Radar, retired)","Punch Volley Speed-MPH (Radar, retired)",Tilt Raw,Tilt (z),Tilt Band
11SIX24,Hurache-X All Court,16,New,1/1/2024,$149.99,JOHNKEW,$10,$139.99,https://11six24.com/?sca_ref=5460250.6fDhFP0v1v,USAP certified,1 year,Elongated,Gen-2,Thermoformed,Peel Ply-Coarse,Toray Carbon Fiber & Fiberglass,Honeycomb polypropylene + expanding foam,58.09,"2,219",0.46,-3.64,1.65,77,Good,Tier 4,16.46,7.56,5.91,8.2,120.8,0.97,-3.39,3.5,63,6.29,-0.27,-3.56,2.62,53,24.5,0.98,-3.21,3.54,62.05,19,-1.17,60.65,0.24,-2.75,2.75,54,38.4,-0.14,-2.75,2.75,47,50.900,0.399,59.7,38.9,0.383,0.89,power-leaning
11SIX24,Hurache-X Alpha Pro Power,16,New,6/1/2025,$99.99,JOHNKEW,$10,$89.99,https://11six24.com./collections/power-paddles/products/hurache-x-alpha-pro-power?sca_ref=5460250.6fDhFP0v1v,USAP certified,6 months,Elongated,Gen-3,Thermoformed,Peel Ply-Coarse,Toray Carbon Fiber & Fiberglass,Wide cell polypropylene + EVA + expanding foam,56.46,"2,206",0.39,-3.64,1.65,76,Good,Tier 4,16.46,7.56,5.91,7.8,113,-0.33,-3.39,3.5,44,5.92,-0.97,-3.56,2.62,42,23.9,-0.13,-3.21,3.54,45.58,63,0.48,60.17,-0.26,-2.75,2.75,45,38.32,-0.26,-2.75,2.75,45,45.300,0.392,59.8,38.8,-0.005,-0.01,balanced
11SIX24,Hurache-X Jelly Bean,16,New,6/1/2025,$99.99,JOHNKEW,$10,$89.99,https://11six24.com/collections/top-elongated-paddles/products/hurache-x-jelly-bean?sca_ref=5460250.6fDhFP0v1v,USAP certified,1 year,Elongated,Gen-2,Thermoformed,Peel Ply-Coarse,Toray Carbon Fiber & Fiberglass,Honeycomb polypropylene + expanding foam,56.62,"2,206",0.39,-3.64,1.65,76,Good,Tier 4,16.46,7.56,5.91,8.2,122.6,1.27,-3.39,3.5,68,6.31,-0.23,-3.56,2.62,54,24.6,1.16,-3.21,3.54,64.8,11,-1.45,59.98,-0.46,-2.75,2.75,42,37.84,-0.94,-2.75,2.75,33,37.200,0.384,59.2,37.6,0.481,1.11,power-leaning
11SIX24,Hurache-X Jelly Bean 2,16,New,7/31/2026,$169.99,JOHNKEW,$10,$159.99,https://11six24.com/collections/jelly-bean-2/products/jelly-bean-2?sca_ref=5460250.6fDhFP0v1v,UPA-A Certified,1 year,Elongated,Gen-4,Thermoformed,Grit-infused peel ply,Toray Carbon Fiber,Full Foam (EMA + EVA + expanding foam),55.83,"2,418",1.51,-3.64,1.65,97,Elite,Tier 1,16.42,7.48,5.91,8.1,117.8,0.46,-3.39,3.5,56,6.09,-0.65,-3.56,2.62,47,24.4,0.79,-3.21,3.54,59.31,31,-0.7,60.17,-0.27,-2.75,2.75,45,38.16,-0.49,-2.75,2.75,41,43.100,0.39,59.7,37.7,0.227,0.53,slightly power
11SIX24,Hurache-X Power,16,New,1/1/2024,$169.99,JOHNKEW,$10,$159.99,https://11six24.com/?sca_ref=5460250.6fDhFP0v1v,USAP certified,1 year,Elongated,Gen-3,Thermoformed,Peel Ply-Coarse,Toray Carbon Fiber and Fiberglass,Honeycomb polypropylene + EVA + expanding foam,,"2,157",0.13,-3.64,1.65,71,Good,Tier 4,16.46,7.56,5.91,8.1,115.2,0.03,-3.39,3.5,50,6.21,-0.42,-3.56,2.62,51,23.7,-0.5,-3.21,3.54,40.09,51,0.01,,,-2.75,2.75,,,,-2.75,2.75,,,,60.5,38.1,,,
11SIX24,Hurache-X Power 2,16,New,1/27/2026,$209.99,JOHNKEW,$10,$199.99,https://11six24.com./collections/power-2/products/hurache-x-power-2?sca_ref=5460250.6fDhFP0v1v,UPA-A Certified,6 months,Elongated,Gen-4,Thermoformed,Grit-infused peel ply,"CFC (carbon, fiberglass, carbon)",Full Foam (MPP + EVA + expanding foam),43.56,"2,306",0.92,-3.64,1.65,86,Elite,Tier 1,16.38,7.56,5.75,7.8,114.9,-0.01,-3.39,3.5,49,6.46,0.05,-3.56,2.62,58,23.9,-0.13,-3.21,3.54,45.58,52,0.06,60.82,0.43,-2.75,2.75,58,38.81,0.43,-2.75,2.75,58,57.800,0.406,61.1,39,-0.003,-0.01,balanced
11SIX24,Monarch All Court,16,New,1/1/2024,$139.99,JOHNKEW,$10,$129.99,https://11six24.com/?sca_ref=5460250.6fDhFP0v1v,USAP certified,1 year,Widebody,Gen-2,Thermoformed,Peel Ply-Coarse,Toray Carbon Fiber,Honeycomb polypropylene + expanding foam,,"2,131",-0.01,-3.64,1.65,69,Good,Tier 4,15.8,8.2,5.75,8.2,111.2,-0.62,-3.39,3.5,40,7.36,1.76,-3.56,2.62,86,23.6,-0.69,-3.21,3.54,37.34,72,0.81,,,-2.75,2.75,,,,-2.75,2.75,,,,59.7,36.7,,,
11SIX24,Monarch Control,16,New,1/1/2024,$149.99,JOHNKEW,$10,$139.99,https://11six24.com/?sca_ref=5460250.6fDhFP0v1v,USAP certified,1 year,Widebody,Gen-2,Thermoformed,Peel Ply-Coarse,Kevlar 3K Cloth,Honeycomb polypropylene + expanding foam,,"2,051",-0.44,-3.64,1.65,61,Fair,Tier 4,15.8,8.2,5.75,8.2,110.2,-0.79,-3.39,3.5,38,7.37,1.78,-3.56,2.62,86,23.4,-1.06,-3.21,3.54,31.85,76,0.96,,,-2.75,2.75,,,,-2.75,2.75,,,,58.8,37,,,
11SIX24,Pegasus All Court,16,New,6/1/2025,$149.99,JOHNKEW,$10,$139.99,https://11six24.com/collections/top-widebody-paddles/products/pegasus-all-court?sca_ref=5460250.6fDhFP0v1v,USAP certified,1 year,Widebody,Gen-2,Thermoformed,Peel Ply-Coarse,Toray Carbon Fiber & Fiberglass,Honeycomb polypropylene + expanding foam,61.35,"2,132",-0.01,-3.64,1.65,69,Good,Tier 4,15.83,8.15,5.63,8.3,115.1,0.03,-3.39,3.5,50,7.5,2.03,-3.56,2.62,90,23.9,-0.13,-3.21,3.54,45.58,48,-0.1,60.01,-0.44,-2.75,2.75,42,38.25,-0.37,-2.75,2.75,43,42.700,0.389,59.7,38.2,-0.07,-0.16,balanced
11SIX24,Pegasus Alpha Pro Power,16,New,9/1/2025,$99.99,JOHNKEW,$10,$89.99,https://11six24.com./collections/power-paddles/products/pegasus-alpha-pro-power?sca_ref=5460250.6fDhFP0v1v,USAP certified,6 months,Widebody,Gen-3,Thermoformed,Peel Ply-Coarse,Toray Carbon Fiber & Fiberglass,Wide cell polypropylene + EVA + expanding foam,60.51,"2,152",0.1,-3.64,1.65,71,Good,Tier 4,15.83,8.15,5.63,7.9,104,-1.83,-3.39,3.5,23,7.06,1.19,-3.56,2.62,77,23.3,-1.25,-3.21,3.54,29.11,93,1.55,59.46,-1.01,-2.75,2.75,32,38.24,-0.37,-2.75,2.75,43,37.400,0.382,59.6,38.4,-0.64,-1.48,pop-leaning
11SIX24,Pegasus Jelly Bean,16,New,9/1/2025,$99.99,JOHNKEW,$10,$89.99,https://11six24.com/?sca_ref=5460250.6fDhFP0v1v,USAP certified,1 year,Widebody,Gen-2,Thermoformed,Peel Ply-Coarse,Toray Carbon Fiber,Honeycomb polypropylene + expanding foam,61.32,"2,209",0.4,-3.64,1.65,76,Good,Tier 4,15.83,8.15,5.63,7.9,107.2,-1.3,-3.39,3.5,30,7.09,1.25,-3.56,2.62,78,23.7,-0.5,-3.21,3.54,40.09,88,1.39,58.33,-2.21,-2.75,2.75,10,37.29,-1.71,-2.75,2.75,19,14.300,0.363,57.8,37.9,-0.495,-1.14,pop-leaning
11SIX24,Pegasus Jelly Bean 2,16,New,7/31/2026,$169.99,JOHNKEW,$10,$159.99,https://11six24.com/collections/jelly-bean-2/products/pegasus-jelly-bean-2?sca_ref=5460250.6fDhFP0v1v,UPA-A Certified,1 year,Widebody,Gen-4,Thermoformed,Grit-infused peel ply,Toray Carbon Fiber,Full Foam (EMA + EVA + expanding foam),58.57,"2,341",1.1,-3.64,1.65,90,Elite,Tier 1,15.79,8.11,5.59,8.1,110.7,-0.72,-3.39,3.5,39,7.16,1.38,-3.56,2.62,80,23.8,-0.32,-3.21,3.54,42.83,74,0.87,60.08,-0.36,-2.75,2.75,43,38.47,-0.05,-2.75,2.75,49,46.200,0.392,59.6,37.9,-0.31,-0.72,slightly pop
11SIX24,Pegasus Power,16,New,12/1/2025,$169.99,JOHNKEW,$10,$159.99,https://11six24.com/?sca_ref=5460250.6fDhFP0v1v,USAP certified,6 months,Widebody,Gen-3,Thermoformed,Peel Ply-Coarse,Toray Carbon Fiber and Fiberglass,Honeycomb polypropylene + EVA + expanding foam,,"2,180",0.25,-3.64,1.65,74,Good,Tier 4,15.83,8.15,5.63,8.3,112.7,-0.38,-3.39,3.5,44,7.62,2.26,-3.56,2.62,94,23.4,-1.06,-3.21,3.54,31.85,63,0.48,,,-2.75,2.75,,,,-2.75,2.75,,,,59.9,38.3,,,
11SIX24,Pegasus Power 2,16,New,1/27/2026,$209.99,JOHNKEW,$10,$199.99,https://11six24.com./collections/power-2/products/pegasus-power-2?sca_ref=5460250.6fDhFP0v1v,UPA-A Certified,6 months,Widebody,Gen-4,Thermoformed,Grit-infused peel ply,"CFC (carbon, fiberglass, carbon)",Full Foam (MPP + EVA + expanding foam),50.29,"2,321",1,-3.64,1.65,88,Elite,Tier 1,15.83,8.15,5.55,7.8,104.9,-1.67,-3.39,3.5,25,7.31,1.67,-3.56,2.62,85,23.2,-1.43,-3.21,3.54,26.36,92,1.52,60.78,0.38,-2.75,2.75,57,39.22,1.01,-2.75,2.75,68,62.700,0.411,60.6,39.2,-0.628,-1.45,pop-leaning
11SIX24,Ultré Jelly Bean 2,16,New,7/31/2026,$169.99,JOHNKEW,$10,$159.99,https://11six24.com/collections/jelly-bean-2/products/ultre-jelly-bean-2?sca_ref=5460250.6fDhFP0v1v,UPA-A Certified,1 year,Hybrid,Gen-4,Thermoformed,Grit-infused peel ply,Toray Carbon Fiber,Full Foam (EMA + EVA + expanding foam),55.34,"2,354",1.17,-3.64,1.65,91,Elite,Tier 1,16.26,7.64,5.59,8.1,120.1,0.86,-3.39,3.5,62,6.71,0.53,-3.56,2.62,66,24.3,0.61,-3.21,3.54,56.56,19,-1.14,59.76,-0.7,-2.75,2.75,37,37.83,-0.96,-2.75,2.75,33,34.900,0.382,59.9,37.7,0.26,0.6,slightly power
11SIX24,Ultré Power 2,16,New,6/10/2026,$209.99,JOHNKEW,$10,$199.99,http://11six24.com/pages/ultre-power-2-product?sca_ref=5460250.6fDhFP0v1v,UPA-A Certified,1 year,Hybrid,Gen-4,Thermoformed,Grit-infused peel ply,"CFC (carbon, fiberglass, carbon)",Full Foam (MPP + EVA + expanding foam),46.86,"2,384",1.33,-3.64,1.65,94,Elite,Tier 1,16.34,7.68,5.67,8,114.8,-0.04,-3.39,3.5,49,6.86,0.81,-3.56,2.62,71,24.1,0.24,-3.21,3.54,51.07,50,0,61.22,0.84,-2.75,2.75,65,39.12,0.87,-2.75,2.75,66,65.600,0.417,61,39.3,-0.029,-0.07,balanced
11SIX24,Vapor All Court,16,New,9/1/2025,$149.99,JOHNKEW,$10,$139.99,https://11six24.com/?sca_ref=5460250.6fDhFP0v1v,USAP certified,1 year,Hybrid,Gen-2,Thermoformed,Peel Ply-Coarse,Toray Carbon Fiber & Fiberglass,Honeycomb polypropylene + expanding foam,60.93,"2,224",0.48,-3.64,1.65,78,Good,Tier 4,16.14,7.76,5.71,8.3,120.5,0.93,-3.39,3.5,63,7.12,1.31,-3.56,2.62,79,24.3,0.61,-3.21,3.54,56.56,18,-1.19,59.65,-0.81,-2.75,2.75,35,37.75,-1.06,-2.75,2.75,31,33.000,0.38,59.6,38.7,0.251,0.58,slightly power
11SIX24,Vapor Alpha Pro Power,16,New,12/1/2025,$159.99,JOHNKEW,$10,$149.99,https://11six24.com./collections/power-paddles/products/vapor-alpha-pro-power?sca_ref=5460250.6fDhFP0v1v,USAP certified,6 months,Hybrid,Gen-3,Thermoformed,Peel Ply-Coarse,Toray Carbon Fiber & Fiberglass,Wide cell polypropylene + EVA + expanding foam,57.67,"2,198",0.34,-3.64,1.65,75,Good,Tier 4,16.14,7.76,5.71,8,112.5,-0.41,-3.39,3.5,43,6.75,0.6,-3.56,2.62,67,23.7,-0.5,-3.21,3.54,40.09,65,0.54,59.74,-0.72,-2.75,2.75,37,38.08,-0.6,-2.75,2.75,39,38.000,0.384,60.1,38.4,-0.124,-0.29,slightly pop
11SIX24,Vapor Jelly Bean,16,New,9/1/2025,$99.99,JOHNKEW,$10,$89.99,https://11six24.com/products/vapor-jelly-bean?srsltid=AfmBOooLNn7POjWDz7-vfOSQrUaIcRqEhhUUEFMBA9fYhC6FLNFnZrV_&sca_ref=5460250.6fDhFP0v1v,USAP certified,1 year,Hybrid,Gen-2,Thermoformed,Peel Ply-Coarse,Toray Carbon Fiber & Fiberglass,Honeycomb polypropylene + expanding foam,63.43,"2,198",0.34,-3.64,1.65,75,Good,Tier 4,16.14,7.76,5.71,8,115,0,-3.39,3.5,49,6.8,0.7,-3.56,2.62,69,24.2,0.42,-3.21,3.54,53.82,49,-0.04,58.94,-1.57,-2.75,2.75,22,37.43,-1.52,-2.75,2.75,22,22.000,0.37,59.2,37.8,-0.051,-0.12,balanced
11SIX24,Vapor Jelly Bean 2,16,New,7/31/2026,$169.99,JOHNKEW,$10,$159.99,https://11six24.com/collections/jelly-bean-2/products/vapor-jelly-bean-2?sca_ref=5460250.6fDhFP0v1v,UPA-A Certified,1 year,Hybrid,Gen-4,Thermoformed,Grit-infused peel ply,Toray Carbon Fiber,Full Foam (EMA + EVA + expanding foam),53.40,"2,389",1.36,-3.64,1.65,94,Elite,Tier 1,16.1,7.8,5.55,8.2,119.9,0.82,-3.39,3.5,61,6.66,0.43,-3.56,2.62,65,24,0.05,-3.21,3.54,48.33,21,-1.08,59.86,-0.59,-2.75,2.75,39,37.86,-0.91,-2.75,2.75,33,36.400,0.383,59.8,37.8,0.32,0.74,slightly power
11SIX24,Vapor Power,16,New,12/1/2025,$169.99,JOHNKEW,$10,$159.99,https://11six24.com/?sca_ref=5460250.6fDhFP0v1v,USAP certified,6 months,Hybrid,Gen-3,Thermoformed,Peel Ply-Coarse,Toray Carbon Fiber and Fiberglass,Honeycomb polypropylene + EVA + expanding foam,72.55,"2,174",0.22,-3.64,1.65,73,Good,Tier 4,16.14,7.76,5.71,8.2,115.8,0.14,-3.39,3.5,51,7.01,1.1,-3.56,2.62,75,23.9,-0.13,-3.21,3.54,45.58,44,-0.23,59.95,-0.5,-2.75,2.75,41,38.13,-0.53,-2.75,2.75,40,40.600,0.387,60.4,38.2,0.034,0.08,balanced
11SIX24,Vapor Power 2,16,New,1/27/2026,$209.99,JOHNKEW,$10,$199.99,https://11six24.com./collections/power-2/products/vapor-power-2?sca_ref=5460250.6fDhFP0v1v,UPA-A Certified,1 year,Hybrid,Gen-4,Thermoformed,Grit-infused peel ply,"CFC (carbon, fiberglass, carbon)",Full Foam (MPP + EVA + expanding foam),53.61,"2,312",0.95,-3.64,1.65,87,Elite,Tier 1,16.14,7.8,5.39,8,113.7,-0.21,-3.39,3.5,46,6.86,0.81,-3.56,2.62,71,23.3,-1.25,-3.21,3.54,29.11,59,0.32,61.08,0.7,-2.75,2.75,63,38.98,0.68,-2.75,2.75,62,62.500,0.412,61,39.1,0.023,0.05,balanced
Ace,Heart,14,New,1/1/2024,$189.99,JOHNKEW,10%,$170.99,https://acepickleball.myshopify.com/?sca_ref=5682400.KVj47DJBPG,USAP certified,90 day,Elongated,Gen-3,Thermoformed,Peel Ply-Coarse,T700 Carbon Fiber,Honeycomb polypropylene + EVA + expanding foam,,"2,260",0.67,-3.64,1.65,82,Good,Tier 4,16.54,7.44,5.51,7.8,115.7,0.12,-3.39,3.5,51,5.8,-1.2,-3.56,2.62,38,24.3,0.61,-3.21,3.54,56.56,46,-0.17,,,-2.75,2.75,,,,-2.75,2.75,,,,59.1,36.5,,,
Ace,Spade,16,New,1/1/2024,$199.99,,10%,$179.99,https://acepickleball.myshopify.com/?sca_ref=5682400.KVj47DJBPG,USAP certified,90 day,Elongated,Gen-2,Thermoformed,Peel Ply-Coarse,T700 Carbon Fiber,Honeycomb polypropylene + expanding foam,55.93,"2,178",0.24,-3.64,1.65,73,Good,Tier 4,16.54,7.44,5.51,8,119.4,0.74,-3.39,3.5,60,6.28,-0.29,-3.56,2.62,53,24.6,1.16,-3.21,3.54,64.8,21,-1.06,60.07,-0.37,-2.75,2.75,43,38.1,-0.57,-2.75,2.75,40,41.500,0.388,59.6,37.5,0.202,0.47,slightly power
Adidas,AdiPower Pro-ATTK,14,New,6/1/2025,$189.00,Use Affiliate Link,10%,$170.10,https://pickleballcentral.com/adidas-adipower-pro-edition-attk-14mm-pickleball-paddle/?oid=9&affid=7926664,Dual certified - USAP and UPA-A,1 year,Elongated,Gen-3,Thermoformed,Peel Ply-Coarse,Carbon Fiber,Honeycomb polypropylene + EVA + expanding foam,69.79,"2,098",-0.19,-3.64,1.65,65,Fair,Tier 4,16.46,7.48,5.55,8,123.3,1.38,-3.39,3.5,69,6.62,0.36,-3.56,2.62,63,24.5,0.98,-3.21,3.54,62.05,9,-1.5,60.62,0.21,-2.75,2.75,54,38.64,0.18,-2.75,2.75,53,53.600,0.401,61,38.2,0.024,0.06,balanced
Adidas,AdiPower Pro-ATTK,16,New,6/1/2025,$189.00,Use Affiliate Link,10%,$170.10,https://pickleballcentral.com/adidas-adipower-pro-edition-attk-16mm-pickleball-paddle/?oid=9&affid=7926664,Dual certified - USAP and UPA-A,1 year,Elongated,Gen-3,Thermoformed,Peel Ply-Coarse,Carbon Fiber,Honeycomb polypropylene + EVA + expanding foam,75.57,"2,103",-0.16,-3.64,1.65,66,Good,Tier 4,16.46,7.48,5.55,8,126.3,1.89,-3.39,3.5,77,6.41,-0.04,-3.56,2.62,57,24.9,1.72,-3.21,3.54,73.04,5,-1.66,60.03,-0.41,-2.75,2.75,43,37.84,-0.95,-2.75,2.75,33,37.700,0.385,60.6,38.1,0.535,1.24,power-leaning
Adidas,AdiPower Pro-CTRL,16,New,6/1/2025,$189.00,Use Affiliate Link,10%,$170.10,https://pickleballcentral.com/adidas-adipower-pro-edition-ctrl-16mm-pickleball-paddle/?oid=9&affid=7926664,Dual certified - USAP and UPA-A,1 year,Widebody,Gen-3,Thermoformed,Peel Ply-Coarse,Carbon Fiber,Honeycomb polypropylene + EVA + expanding foam,75.31,"2,134",0,-3.64,1.65,69,Good,Tier 4,15.94,7.95,5.59,8,118.3,0.55,-3.39,3.5,57,7.25,1.55,-3.56,2.62,83,24.3,0.61,-3.21,3.54,56.56,26,-0.89,59.6,-0.87,-2.75,2.75,34,37.9,-0.85,-2.75,2.75,34,34.300,0.381,59.8,38.2,-0.018,-0.04,balanced
Adidas,Metalbone 14.5 (Polypropylene),14.5,New,3/1/2025,$229.00,Use Affiliate Link,10%,$206.10,https://pickleballcentral.com/?oid=9&affid=7926664,UPA-A Provisional,1 year,Elongated,Gen-2,Thermoformed,Grit,Carbon Fiber,Honeycomb polypropylene + expanding foam,,"2,232",0.52,-3.64,1.65,79,Good,Tier 4,16.42,7.52,5.5,8.4,113.5,-0.24,-3.39,3.5,46,5.39,-1.98,-3.56,2.62,26,23.6,-0.69,-3.21,3.54,37.34,63,0.46,,,-2.75,2.75,,,,-2.75,2.75,,,,60.2,38.1,,,
Adidas,Metalbone 16 (Polypropylene),16,New,3/1/2025,$249.00,Use Affiliate Link,10%,$224.10,https://pickleballcentral.com/?oid=9&affid=7926664,UPA-A Interim,1 year,Elongated,Gen-2,Thermoformed,Grit,Carbon Fiber,Honeycomb polypropylene + expanding foam,,"2,183",0.26,-3.64,1.65,74,Good,Tier 4,16.42,7.52,5.5,8.6,128.7,2.28,-3.39,3.5,82,6.29,-0.27,-3.56,2.62,53,24.8,1.53,-3.21,3.54,70.29,4,-1.68,,,-2.75,2.75,,,,-2.75,2.75,,,,60.3,37.8,,,
Adidas,Metalbone LP S (Red EVA),16,New,3/1/2025,$249.00,Use Affiliate Link,10%,$224.10,https://pickleballcentral.com/?oid=9&affid=7926664,None,1 year,Elongated,Gen-4,Thermoformed,Grit,Carbon Fiber,Carbon fiber + EVA + expanding foam,,"2,107",-0.14,-3.64,1.65,66,Good,Tier 4,16.42,7.52,5.5,8.7,125.9,1.81,-3.39,3.5,76,5.88,-1.05,-3.56,2.62,41,24.4,0.79,-3.21,3.54,59.31,8,-1.54,,,-2.75,2.75,,,,-2.75,2.75,,,,61.46,39.5,,,
Adidas,Metalbone LP Team (Blue EVA),16,New,3/1/2025,$209.00,Use Affiliate Link,10%,$188.10,https://pickleballcentral.com/?oid=9&affid=7926664,None,1 year,Elongated,Gen-4,Thermoformed,Grit,Carbon Fiber,Carbon fiber + EVA + expanding foam,,"2,134",0,-3.64,1.65,69,Good,Tier 4,16.42,7.52,5.5,8,115.2,0.03,-3.39,3.5,50,5.25,-2.25,-3.56,2.62,21,24.3,0.61,-3.21,3.54,56.56,49,-0.03,62.54,2.24,-2.75,2.75,91,39.07,0.8,-2.75,2.75,65,77.600,0.507,62.1,39.3,1.441,3.33,power-leaning
Aireo,Cyclone Elongated,16,New,5/6/2026,$199.00,JOHNKEW,10%,$179.10,https://www.aireo-sports.com/products/aireo-cyclone-usap-pbcor-43-certified-16mm-pickleball-paddle-nanograph-grit-surface-with-pulsefoam%E2%84%A2-power-core-for-pro-level-performance?sca_ref=10530123.i0RbvwJQyZTJ8v,USAP certified,6 months,Elongated,Gen-4,Thermoformed,Coated peel-ply,Carbon Fiber,Full Foam (MPP + EVA + expanding foam),50.07,"2,212",0.42,-3.64,1.65,77,Good,Tier 3,16.46,7.52,5.75,7.5,111.9,-0.52,-3.39,3.5,42,6.33,-0.19,-3.56,2.62,54,24.3,0.61,-3.21,3.54,56.56,68,0.66,61.23,0.86,-2.75,2.75,66,39.3,1.13,-2.75,2.75,71,68.100,0.421,61.3,39.3,-0.269,-0.62,slightly pop
Aireo,Cyclone Hybrid,16,New,6/10/2026,$199.00,JOHNKEW,10%,$179.10,https://www.aireo-sports.com/products/aireo-cyclone-hybrid-usap-pbcor-43-certified-16mm-pickleball-paddle-nanograph-grit-surface-with-pulsefoam%E2%84%A2-power-core-for-pro-level-performance?srsltid=AfmBOoqQLJX2uU1ABS-Ke11sBPDceUgcct2l2sK1-XHaxKlQZ-1RqOMl&sca_ref=10530123.i0RbvwJQyZTJ8v,USAP certified,6 months,Hybrid,Gen-4,Thermoformed,Coated peel-ply,Carbon Fiber,Full Foam (MPP + EVA + expanding foam),50.14,"2,244",0.59,-3.64,1.65,80,Good,Tier 3,16.18,7.83,5.39,7.7,108.8,-1.03,-3.39,3.5,34,6.78,0.66,-3.56,2.62,68,23.9,-0.13,-3.21,3.54,45.58,81,1.13,60.6,0.19,-2.75,2.75,53,38.97,0.65,-2.75,2.75,62,57.600,0.405,60.8,39,-0.464,-1.07,pop-leaning
Aiso,Ryu,15,New,6/1/2025,$99.99,JOHNKEW,10%,$89.99,https://aisopickleball.com/?sca_ref=5681964.t0IeeDZNFw,USAP certified,3 months,Widebody,Gen-3,Thermoformed,Peel Ply-Coarse,PET + Toray Carbon Fiber Weave,Honeycomb polypropylene + EVA + expanding foam,,"2,152",0.1,-3.64,1.65,71,Good,Tier 4,15.9,8.2,5.3,8,111.5,-0.59,-3.39,3.5,41,7.87,2.73,-3.56,2.62,100,23.5,-0.87,-3.21,3.54,34.6,71,0.77,,,-2.75,2.75,,,,-2.75,2.75,,,,58.4,37.6,,,
Avoura,Rhapsody,13,New,8/1/2025,$225.00,JOHNKEW,$10,$215.00,https://www.avourapickleball.com/JOHNKEW,USAP certified,6 months,Widebody,Gen-1,Cold Pressed,Peel Ply-Coarse,T700 Carbon Fiber,Honeycomb polypropylene,59.57,"2,225",0.49,-3.64,1.65,78,Good,Tier 4,15.67,8.31,5.31,8,102.6,-2.07,-3.39,3.5,19,7.17,1.4,-3.56,2.62,80,23,-1.8,-3.21,3.54,20.87,94,1.62,60.91,0.52,-2.75,2.75,59,39.65,1.62,-2.75,2.75,80,69.500,0.419,59.7,37.69,-1.109,-2.57,pop-leaning
Avoura,Rivelle,13,New,8/1/2025,$199.99,JOHNKEW,$10,$189.99,https://www.avourapickleball.com/JOHNKEW,USAP certified,6 months,Hybrid,Gen-1,Cold Pressed,Peel Ply-Coarse,T700 Carbon Fiber,Honeycomb polypropylene,59.85,"2,299",0.88,-3.64,1.65,85,Good,Tier 4,16.14,7.72,5.71,7.9,109.1,-0.98,-3.39,3.5,35,6.13,-0.58,-3.56,2.62,48,24.1,0.24,-3.21,3.54,51.07,81,1.14,60.2,-0.23,-2.75,2.75,46,38.89,0.54,-2.75,2.75,60,52.800,0.398,59.6,38.25,-0.773,-1.79,pop-leaning
Babolat,WZRD,20,New,3/1/2025,$219.00,JOHNKEW,10%,$197.10,https://www.babolat.com/us/wzrd/,USAP certified,1 year,Widebody,Gen-2,Thermoformed,Grit,Biaxial 3K carbon fiber,Honeycomb polypropylene + expanding foam,,"2,192",0.31,-3.64,1.65,75,Good,Tier 4,15.79,7.83,5,8.6,109.7,-0.87,-3.39,3.5,37,6.44,0.01,-3.56,2.62,58,22.7,-2.36,-3.21,3.54,12.63,81,1.13,58.28,-2.26,-2.75,2.75,9,36.22,-3.23,-2.75,2.75,0,0.200,0.354,57.6,35.7,0.97,2.24,power-leaning
Body Helix,F1 TerraCore Elongated,16,New,4/4/2025,$190.00,JOHNKEW,10%,$171.00,https://www.bodyhelix.com/products/flik-f1-elongated-pickleball-paddle-usap-approved?ref=JOHNKEW,USAP certified,6 months,Elongated,Gen-4,Thermoformed,Peel Ply-Coarse,T700 Carbon Fiber,Full Foam (EPP + expanding foam),,"2,310",0.94,-3.64,1.65,87,Elite,Tier 4,16.55,7.48,5.25,7.9,114.3,-0.12,-3.39,3.5,47,6,-0.82,-3.56,2.62,44,24,0.05,-3.21,3.54,48.33,55,0.18,62.23,1.91,-2.75,2.75,85,39.58,1.53,-2.75,2.75,78,81.300,0.453,62.5,39.6,0.386,0.89,power-leaning
Body Helix,X4 Gold Kevlar,16,New,12/6/2024,$140.00,JOHNKEW,10%,$126.00,https://www.bodyhelix.com/?ref=JOHNKEW,USAP certified,6 months,Hybrid,Gen-2,Thermoformed,Peel Ply-Coarse,Kevlar 3K Cloth,Honeycomb polypropylene + expanding foam,,"2,281",0.78,-3.64,1.65,84,Good,Tier 4,16.25,7.75,5.4,8.1,115.9,0.15,-3.39,3.5,51,6.55,0.22,-3.56,2.62,61,24.1,0.24,-3.21,3.54,51.07,43,-0.25,,,-2.75,2.75,,,,-2.75,2.75,,,,59.7,37.4,,,
Bread & Butter,Fat Boy,16,New,1/3/2025,$189.99,JOHNKEW,10%,$170.99,https://breadbutterpickleballco.sjv.io/Qj390x,USAP certified,6 months,Widebody,Gen-2,Thermoformed,Peel Ply-Coarse,3K Kevlar-Carbon Fiber Weave,Honeycomb polypropylene + expanding foam,,"2,069",-0.34,-3.64,1.65,62,Fair,Tier 4,15.9,8.1,5.3,8,107.8,-1.19,-3.39,3.5,32,7.11,1.29,-3.56,2.62,78,23.5,-0.87,-3.21,3.54,34.6,86,1.31,,,-2.75,2.75,,,,-2.75,2.75,,,,57.9,37.8,,,
Bread & Butter,Filth,16,New,,$165.00,JOHNKEW,10%,$148.50,https://breadbutterpickleballco.sjv.io/Qj390x,USAP certified,6 months,Elongated,Gen-2,Thermoformed,Peel Ply-Coarse,T700 Carbon Fiber,Honeycomb polypropylene + expanding foam,,"2,025",-0.57,-3.64,1.65,58,Fair,Tier 4,16.5,7.38,5.5,7.9,121,1,-3.39,3.5,64,6.2,-0.44,-3.56,2.62,50,24.2,0.42,-3.21,3.54,53.82,19,-1.16,,,-2.75,2.75,,,,-2.75,2.75,,,,58.8,37.5,,,
Bread & Butter,Filth Hybrid,16,New,3/6/2025,$165.00,JOHNKEW,10%,$148.50,https://breadbutterpickleballco.sjv.io/Qj390x,USAP certified,6 months,Hybrid,Gen-2,Thermoformed,Peel Ply-Coarse,T700 Carbon Fiber,Honeycomb polypropylene + expanding foam,75.43,"2,160",0.14,-3.64,1.65,71,Good,Tier 4,16.22,7.87,5.5,8,112.4,-0.43,-3.39,3.5,43,6.66,0.43,-3.56,2.62,65,23.8,-0.32,-3.21,3.54,42.83,66,0.57,58.8,-1.71,-2.75,2.75,19,37.36,-1.62,-2.75,2.75,20,19.700,0.367,58.9,37.4,-0.085,-0.2,balanced
Bread & Butter,Invader,16,New,10/3/2025,$189.99,JOHNKEW,10%,$170.99,https://breadbutterpickleballco.sjv.io/Qj390x,USAP certified,6 months,Hybrid,Gen-2,Thermoformed,Peel Ply-Coarse,T700 Carbon Fiber + Electroplated Polyester Weave,Honeycomb polypropylene + expanding foam,66.60,"1,918",-1.14,-3.64,1.65,47,Fair,Tier 4,16.22,7.76,5.3,8.1,114.9,-0.02,-3.39,3.5,49,6.82,0.74,-3.56,2.62,70,23.8,-0.32,-3.21,3.54,42.83,52,0.05,58.28,-2.26,-2.75,2.75,9,36.84,-2.35,-2.75,2.75,7,8.100,0.358,57.92,37.4,0.094,0.22,balanced
Bread & Butter,Loco Elongated,16,New,10/4/2025,$199.00,JOHNKEW,10%,$179.10,https://breadbutterpickleballco.sjv.io/zzre4r,USAP certified,6 months,Elongated,Gen-4,Thermoformed,Peel Ply-Coarse,T700 Carbon Fiber,Full Foam (EPP + EVA + expanding foam),42.46,"2,267",0.71,-3.64,1.65,82,Good,Tier 4,16.46,7.4,5.67,8,121.4,1.06,-3.39,3.5,65,6.12,-0.59,-3.56,2.62,48,24.5,0.98,-3.21,3.54,62.05,16,-1.24,61.43,1.06,-2.75,2.75,69,38.94,0.62,-2.75,2.75,61,65.300,0.418,61.5,39.3,0.444,1.03,power-leaning
Bread & Butter,Loco Hybrid,16,New,10/4/2025,$199.00,JOHNKEW,10%,$179.10,https://breadbutterpickleballco.sjv.io/0GAxPR,USAP certified,6 months,Hybrid,Gen-4,Thermoformed,Peel Ply-Coarse,T700 Carbon Fiber,Full Foam (EPP + EVA + expanding foam),45.97,"2,254",0.64,-3.64,1.65,81,Good,Tier 4,16.26,7.72,5.51,8.1,115.1,0.02,-3.39,3.5,50,6.65,0.41,-3.56,2.62,64,24,0.05,-3.21,3.54,48.33,49,-0.05,61.47,1.11,-2.75,2.75,70,39.21,0.99,-2.75,2.75,68,69.100,0.423,61.2,39.4,0.116,0.27,slightly power
Bread & Butter,Loco Standard,16,New,10/4/2025,$199.00,JOHNKEW,10%,$179.10,https://breadbutterpickleballco.sjv.io/E0Jzy2,USAP certified,6 months,Widebody,Gen-4,Thermoformed,Peel Ply-Coarse,T700 Carbon Fiber,Full Foam (EPP + EVA + expanding foam),56.30,"2,289",0.83,-3.64,1.65,84,Good,Tier 4,15.91,7.99,5.43,8,108.7,-1.05,-3.39,3.5,34,7.29,1.63,-3.56,2.62,84,23.6,-0.69,-3.21,3.54,37.34,82,1.15,60.7,0.3,-2.75,2.75,55,39.02,0.72,-2.75,2.75,63,59.300,0.407,60.7,39.1,-0.421,-0.97,pop-leaning
Bread & Butter,Shogun,16,New,,$189.99,JOHNKEW,10%,$170.99,https://breadbutterpickleballco.sjv.io/Qj390x,USAP certified,6 months,Elongated,Gen-2,Thermoformed,Peel Ply-Coarse,"Carbon Fiber & PET Fibers (""Titanium"")",Honeycomb polypropylene + expanding foam,,"2,004",-0.69,-3.64,1.65,56,Fair,Tier 4,16.5,7.38,5.5,8.2,121.6,1.11,-3.39,3.5,65,6.13,-0.58,-3.56,2.62,48,24.5,0.98,-3.21,3.54,62.05,15,-1.28,,,-2.75,2.75,,,,-2.75,2.75,,,,59.5,36.5,,,
Bread & Butter,Wild Thang,16,New,8/1/2025,$189.99,JOHNKEW,10%,$170.99,https://breadbutterpickleballco.sjv.io/Qj390x,USAP certified,6 months,Elongated,Gen-2,Thermoformed,Peel Ply-Coarse,T700 Carbon Fiber,Honeycomb polypropylene + expanding foam,63.82,"1,853",-1.49,-3.64,1.65,41,Poor,Tier 4,16.46,7.44,5.5,8,118.6,0.61,-3.39,3.5,58,6.03,-0.77,-3.56,2.62,45,24.1,0.24,-3.21,3.54,51.07,28,-0.83,60.41,-0.01,-2.75,2.75,50,38.26,-0.35,-2.75,2.75,44,46.700,0.394,60.2,38.6,0.336,0.78,power-leaning
Chorus,CODA Harmony Grit S,16,New,4/9/2026,$199.99,JOHNKEW,$10,$189.99,https://choruspickleball.com/products/coda-all-foam-power-widebody-s-harmony-grit?sca_ref=5913065.peNkMfPr6F,USAP certified,6 months,Widebody,Gen-4,Thermoformed,Grit-infused peel ply,T700 Carbon Fiber,Full Foam (EPP + EVA + expanding foam),42.65,"2,034",-0.53,-3.64,1.65,59,Fair,Tier 3,15.8,8.2,5.6,8,111.3,-0.61,-3.39,3.5,40,7.56,2.14,-3.56,2.62,92,23.6,-0.69,-3.21,3.54,37.34,72,0.78,61.77,1.43,-2.75,2.75,76,39.65,1.62,-2.75,2.75,79,77.700,0.438,61.3,39.3,-0.188,-0.43,slightly pop
Chorus,Fire HX,16,New,5/1/2025,$174.99,JOHNKEW,$10,$164.99,https://choruspickleball.com/?sca_ref=5913065.peNkMfPr6F,Delisted,4 months,Hybrid,Gen-2,Thermoformed,Peel Ply-Coarse,Carbon Fiber & PET Electroplated Fiber,Honeycomb polypropylene + expanding foam,,"2,058",-0.4,-3.64,1.65,61,Fair,Tier 4,16.22,7.76,5.5,7.7,109.3,-0.95,-3.39,3.5,35,6.14,-0.56,-3.56,2.62,49,23.7,-0.5,-3.21,3.54,40.09,82,1.18,62.1,1.77,-2.75,2.75,82,39.73,1.73,-2.75,2.75,81,81.800,0.453,61.1,39.5,0.038,0.09,balanced
Chorus,Phoenix HX,16,New,12/1/2025,$179.99,JOHNKEW,$10,$169.99,https://choruspickleball.com/products/phoenix-hx-power-hybrid?sca_ref=5913065.peNkMfPr6F,USAP certified,4 months,Hybrid,Gen-3,Thermoformed,Peel Ply-Coarse,Soft carbon fiber,Wide cell polypropylene + EVA + expanding foam,65.24,"2,140",0.04,-3.64,1.65,69,Good,Tier 4,16.22,7.76,5.71,7.9,111,-0.66,-3.39,3.5,40,6.62,0.36,-3.56,2.62,63,23.7,-0.5,-3.21,3.54,40.09,75,0.9,60.1,-0.34,-2.75,2.75,44,38.42,-0.12,-2.75,2.75,48,45.700,0.392,60.2,39.85,-0.219,-0.51,slightly pop
Chorus,Phoenix SX,16,New,12/1/2025,$179.99,JOHNKEW,$10,$169.99,https://choruspickleball.com/products/phoenix-hx-power-hybrid?sca_ref=5913065.peNkMfPr6F,USAP certified,4 months,Widebody,Gen-3,Thermoformed,Peel Ply-Coarse,Soft carbon fiber,Wide cell polypropylene + EVA + expanding foam,66.32,"2,115",-0.1,-3.64,1.65,67,Good,Tier 4,15.79,8.19,5.63,7.9,107.7,-1.21,-3.39,3.5,32,7.24,1.54,-3.56,2.62,82,23.5,-0.87,-3.21,3.54,34.6,86,1.31,,,-2.75,2.75,,,,-2.75,2.75,,,,58.73,38.91,,,
Chorus,Shapeshifter EX,16,New,6/12/2025,$179.99,JOHNKEW,$10,$169.99,https://choruspickleball.com/products/shapeshifter-all-court-paddle-ex?sca_ref=5913065.peNkMfPr6F,USAP certified,4 months,Elongated,Gen-2,Thermoformed,Peel Ply-Coarse,18K Toray Carbon Fiber,Narrow cell polypropylene + expanding foam,,"2,157",0.13,-3.64,1.65,71,Good,Tier 4,16.46,7.52,5.5,7.9,118.1,0.52,-3.39,3.5,57,6.48,0.09,-3.56,2.62,59,24.4,0.79,-3.21,3.54,59.31,28,-0.81,,,-2.75,2.75,,,,-2.75,2.75,,,,59.1,37.2,,,
Chorus,Shapeshifter-Original,16,New,,$189.99,JOHNKEW,$10,$179.99,https://choruspickleball.com/products/shapeshifter-the-elite-all-court-3d-18k-carbon-fiber-paddle?sca_ref=5913065.peNkMfPr6F,USAP certified,4 months,Hybrid,Gen-2,Thermoformed,Peel Ply-Coarse,18K Toray Carbon Fiber,Honeycomb polypropylene + expanding foam,,"2,139",0.03,-3.64,1.65,69,Good,Tier 4,16.3,7.75,5.3,8.1,116.7,0.29,-3.39,3.5,53,6.61,0.34,-3.56,2.62,63,24.1,0.24,-3.21,3.54,51.07,38,-0.44,,,-2.75,2.75,,,,-2.75,2.75,,,,59,37.2,,,
Chorus,Supercourt Classic,16,New,,$119.99,JOHNKEW,$10,$109.99,https://choruspickleball.com/products/supercourt-advanced-long-handle-striker?sca_ref=5913065.peNkMfPr6F,USAP certified,4 months,Widebody,Gen-1,Cold Pressed,Peel Ply-Coarse,Carbon Fiber,Honeycomb polypropylene,,"2,033",-0.53,-3.64,1.65,59,Fair,Tier 4,16,8,6.25,8,107,-1.33,-3.39,3.5,30,6,-0.82,-3.56,2.62,44,23.1,-1.62,-3.21,3.54,23.62,93,1.57,59.12,-1.37,-2.75,2.75,25,37.64,-1.22,-2.75,2.75,28,26.500,0.373,59,36.6,-0.15,-0.35,slightly pop
Chorus,CODA Harmony Grit E,16,New,4/9/2026,$199.99,JOHNKEW,$10,$189.99,https://choruspickleball.com/products/coda-all-foam-power-elongated-e-harmony-grit?sca_ref=5913065.peNkMfPr6F,USAP certified,6 months,Elongated,Gen-4,Thermoformed,Grit-infused peel ply,T700 Carbon Fiber,Full Foam (EPP + EVA + expanding foam),41.38,"2,143",0.05,-3.64,1.65,70,Good,Tier 3,16.5,7.5,5.5,8,116.2,0.21,-3.39,3.5,52,6.4,-0.06,-3.56,2.62,57,23.9,-0.13,-3.21,3.54,45.58,43,-0.28,61.6,1.25,-2.75,2.75,73,39.23,1.03,-2.75,2.75,69,70.700,0.426,61.6,39,0.223,0.51,slightly power
Chorus,CODA Harmony Grit H,16,New,4/9/2026,$199.99,JOHNKEW,$10,$189.99,https://choruspickleball.com/products/coda-all-foam-power-hybrid-h-harmony-grit?sca_ref=5913065.peNkMfPr6F,USAP certified,6 months,Hybrid,Gen-4,Thermoformed,Grit-infused peel ply,T700 Carbon Fiber,Full Foam (EPP + EVA + expanding foam),43.67,"2,236",0.55,-3.64,1.65,79,Good,Tier 3,16.2,7.8,5.6,8,114.4,-0.1,-3.39,3.5,48,6.99,1.06,-3.56,2.62,75,24,0.05,-3.21,3.54,48.33,52,0.06,61.79,1.44,-2.75,2.75,76,39.5,1.41,-2.75,2.75,76,75.900,0.436,61.5,39.1,0.031,0.07,balanced
CRBN,CRBN 1X,14,New,,$229.99,JOHNKEW,10%,$206.99,https://www.crbnpickleball.com/discount/JOHNKEW,USAP certified,1 year,Elongated,Gen-2,Thermoformed,Peel Ply-Coarse,Toray Carbon Fiber,Honeycomb polypropylene + expanding foam,,"2,244",0.59,-3.64,1.65,80,Good,Tier 4,16.5,7.25,5.5,8,116,0.17,-3.39,3.5,52,5.78,-1.24,-3.56,2.62,38,24.2,0.42,-3.21,3.54,53.82,44,-0.22,,,-2.75,2.75,,,,-2.75,2.75,,,,58.2,36.3,,,
CRBN,CRBN 2X,16,New,,$229.99,JOHNKEW,10%,$206.99,https://www.crbnpickleball.com/discount/JOHNKEW,USAP certified,1 year,Widebody,Gen-2,Thermoformed,Peel Ply-Coarse,Toray Carbon Fiber,Honeycomb polypropylene + expanding foam,,"1,975",-0.84,-3.64,1.65,53,Fair,Tier 4,15.75,8,4.75,8,110,-0.83,-3.39,3.5,37,7.5,2.03,-3.56,2.62,90,23.5,-0.87,-3.21,3.54,34.6,78,1.01,,,-2.75,2.75,,,,-2.75,2.75,,,,58.5,37.3,,,
CRBN,TruFoam Barrage 2,14,New,3/15/2026,$279.99,JOHNKEW,10%,$251.99,https://www.crbnpickleball.com/discount/JOHNKEW,Dual certified - USAP and UPA-A,1 year,Widebody,Gen-4,Thermoformed,Peel Ply-Coarse,T700 Carbon Fiber,Full Foam (EPP + EVA + expanding foam),49.69,"2,168",0.18,-3.64,1.65,72,Good,Tier 4,15.94,7.87,5.35,8,109.7,-0.88,-3.39,3.5,36,6.96,1,-3.56,2.62,74,23.7,-0.5,-3.21,3.54,40.09,79,1.04,60.53,0.12,-2.75,2.75,52,39.05,0.77,-2.75,2.75,64,58.100,0.405,60.8,38.8,-0.651,-1.51,pop-leaning
CRBN,TruFoam Barrage 4,14,New,3/15/2026,$279.99,JOHNKEW,10%,$251.99,https://www.crbnpickleball.com/discount/JOHNKEW,Dual certified - USAP and UPA-A,1 year,Hybrid,Gen-4,Thermoformed,Peel Ply-Coarse,T700 Carbon Fiber,Full Foam (EPP + EVA + expanding foam),47.53,"2,233",0.53,-3.64,1.65,79,Good,Tier 4,16.14,7.83,5.35,8.1,108.3,-1.12,-3.39,3.5,33,6.48,0.09,-3.56,2.62,59,23.3,-1.25,-3.21,3.54,29.11,86,1.3,60.88,0.48,-2.75,2.75,59,39.19,0.97,-2.75,2.75,68,63.200,0.412,61.2,39,-0.488,-1.13,pop-leaning
CRBN,TruFoam Genesis 1,14,New,1/21/2025,$279.99,JOHNKEW,10%,$251.99,https://www.crbnpickleball.com/discount/JOHNKEW,Dual certified - USAP and UPA-A,1 year,Elongated,Gen-4,Cold Pressed,Peel Ply-Coarse,T700 Carbon Fiber,Full Foam (EPP),57.61,"2,280",0.78,-3.64,1.65,84,Good,Tier 4,16.5,7.35,5.5,7.8,124,1.5,-3.39,3.5,71,5.83,-1.15,-3.56,2.62,39,24.9,1.72,-3.21,3.54,73.04,10,-1.48,60.09,-0.35,-2.75,2.75,44,38.18,-0.45,-2.75,2.75,42,42.700,0.389,60.5,38.1,0.103,0.24,balanced
CRBN,TruFoam Genesis 2,14,New,1/21/2025,$279.99,JOHNKEW,10%,$251.99,https://www.crbnpickleball.com/discount/JOHNKEW,Dual certified - USAP and UPA-A,1 year,Widebody,Gen-4,Cold Pressed,Peel Ply-Coarse,T700 Carbon Fiber,Full Foam (EPP),54.11,"2,338",1.09,-3.64,1.65,89,Elite,Tier 4,16,7.85,5.3,8.2,112.9,-0.34,-3.39,3.5,44,6.76,0.62,-3.56,2.62,68,23.8,-0.32,-3.21,3.54,42.83,62,0.45,60.03,-0.41,-2.75,2.75,43,38.47,-0.04,-2.75,2.75,49,45.900,0.391,60.1,38.4,-0.368,-0.85,pop-leaning
CRBN,TruFoam Genesis 3,14,New,1/21/2025,$279.99,JOHNKEW,10%,$251.99,https://www.crbnpickleball.com/discount/JOHNKEW,Dual certified - USAP and UPA-A,1 year,Elongated,Gen-4,Cold Pressed,Peel Ply-Coarse,T700 Carbon Fiber,Full Foam (EPP),,"2,315",0.97,-3.64,1.65,87,Elite,Tier 4,16.5,7.5,5.25,8.4,124.9,1.66,-3.39,3.5,73,6.37,-0.12,-3.56,2.62,56,24.6,1.16,-3.21,3.54,64.8,8,-1.57,,,-2.75,2.75,,,,-2.75,2.75,,,,60.5,37.9,,,
CRBN,TruFoam Genesis 4,14,New,1/21/2025,$279.99,JOHNKEW,10%,$251.99,https://www.crbnpickleball.com/discount/JOHNKEW,Dual certified - USAP and UPA-A,1 year,Hybrid,Gen-4,Cold Pressed,Peel Ply-Coarse,T700 Carbon Fiber,Full Foam (EPP),48.91,"2,310",0.94,-3.64,1.65,87,Elite,Tier 4,16.14,7.85,5.5,8,107.5,-1.24,-3.39,3.5,31,6.33,-0.19,-3.56,2.62,54,23.3,-1.25,-3.21,3.54,29.11,89,1.43,60.3,-0.12,-2.75,2.75,48,38.83,0.47,-2.75,2.75,58,53.100,0.399,60.2,38.6,-0.588,-1.36,pop-leaning
CRBN,TruFoam Waves 1,14,New,1/4/2026,$279.99,JOHNKEW,10%,$251.99,https://www.crbnpickleball.com/discount/JOHNKEW,Dual certified - USAP and UPA-A,1 year,Elongated,Gen-4,Cold Pressed,Peel Ply-Coarse,T700 Carbon Fiber,Full Foam (EPP),49.02,"2,232",0.52,-3.64,1.65,79,Good,Tier 4,16.69,7.36,5.91,7.9,118.5,0.59,-3.39,3.5,58,5.74,-1.32,-3.56,2.62,36,24.5,0.98,-3.21,3.54,62.05,28,-0.82,60.4,-0.02,-2.75,2.75,50,38.53,0.03,-2.75,2.75,51,50.100,0.397,60.9,38.29,-0.05,-0.12,balanced
CRBN,TruFoam Waves 2,14,New,1/4/2026,$279.99,JOHNKEW,10%,$251.99,https://www.crbnpickleball.com/discount/JOHNKEW,Dual certified - USAP and UPA-A,1 year,Widebody,Gen-4,Cold Pressed,Peel Ply-Coarse,T700 Carbon Fiber,Full Foam (EPP),53.02,"2,201",0.36,-3.64,1.65,76,Good,Tier 4,15.94,7.83,5.43,8.1,111.4,-0.6,-3.39,3.5,41,6.88,0.85,-3.56,2.62,71,23.9,-0.13,-3.21,3.54,45.58,71,0.74,60.26,-0.17,-2.75,2.75,47,38.76,0.36,-2.75,2.75,57,51.700,0.397,60.4,38.7,-0.533,-1.23,pop-leaning
CRBN,TruFoam Waves 3,14,New,1/4/2026,$279.99,JOHNKEW,10%,$251.99,https://www.crbnpickleball.com/discount/JOHNKEW,Dual certified - USAP and UPA-A,1 year,Elongated,Gen-4,Cold Pressed,Peel Ply-Coarse,T700 Carbon Fiber,Full Foam (EPP),52.59,"2,231",0.52,-3.64,1.65,79,Good,Tier 4,16.42,7.48,5.43,8.2,118.1,0.52,-3.39,3.5,57,6.51,0.15,-3.56,2.62,60,24.3,0.61,-3.21,3.54,56.56,28,-0.8,60.58,0.16,-2.75,2.75,53,38.7,0.28,-2.75,2.75,55,54.000,0.401,60.23,38.65,-0.113,-0.26,slightly pop
CRBN,TruFoam Waves 4,14,New,1/4/2026,$279.99,JOHNKEW,10%,$251.99,https://www.crbnpickleball.com/discount/JOHNKEW,Dual certified - USAP and UPA-A,1 year,Hybrid,Gen-4,Cold Pressed,Peel Ply-Coarse,T700 Carbon Fiber,Full Foam (EPP),55.72,"2,287",0.82,-3.64,1.65,84,Good,Tier 4,16.1,7.83,5.43,8.1,111.9,-0.51,-3.39,3.5,42,6.61,0.34,-3.56,2.62,63,23.9,-0.13,-3.21,3.54,45.58,69,0.68,59.87,-0.58,-2.75,2.75,39,38.43,-0.11,-2.75,2.75,48,43.700,0.389,60.6,38.46,-0.471,-1.09,pop-leaning
Diadem,Edge 18K,16,New,,$229.95,JOHNKEW,10%,$206.96,https://diademsports.com/?sca_ref=6541890.ZymzZY8Ua9,USAP certified,6 months,Elongated,Gen-1,Cold Pressed,Peel Ply-Coarse,18k Carbon Fiber,Honeycomb polypropylene,77.68,"2,304",0.91,-3.64,1.65,86,Elite,Tier 4,16.4,7.5,5.3,7.9,122,1.17,-3.39,3.5,66,6.25,-0.35,-3.56,2.62,52,24.1,0.24,-3.21,3.54,51.07,15,-1.3,58.27,-2.27,-2.75,2.75,9,36.54,-2.78,-2.75,2.75,0,4.100,0.356,58.7,36.8,0.51,1.18,power-leaning
Diadem,Edge BluCore Hybrid,16,New,10/3/2025,$249.95,JOHNKEW,11%,$222.46,https://diademsports.com/pages/edge-blucore?sca_ref=6541890.ZymzZY8Ua9&utm_source=uppromote&utm_medium=affilliate&utm_campaign=john-williams,USAP certified,Lifetime,Hybrid,Gen-4,Thermoformed,Peel Ply-Coarse,18K Toray Carbon Fiber,Full Foam (EPP + EVA + expanding foam),57.43,"2,092",-0.22,-3.64,1.65,65,Fair,Tier 4,16.22,7.76,5.71,8,112.7,-0.38,-3.39,3.5,44,6.71,0.53,-3.56,2.62,66,23.7,-0.5,-3.21,3.54,40.09,64,0.52,60.38,-0.04,-2.75,2.75,49,38.54,0.05,-2.75,2.75,51,50.000,0.397,61.05,38.4,-0.09,-0.21,balanced
Diadem,Edge BluCore Pro,16,New,10/3/2025,$249.95,JOHNKEW,11%,$222.46,https://diademsports.com/pages/edge-blucore?sca_ref=6541890.ZymzZY8Ua9&utm_source=uppromote&utm_medium=affilliate&utm_campaign=john-williams,USAP certified,Lifetime,Elongated,Gen-4,Thermoformed,Peel Ply-Coarse,18K Toray Carbon Fiber,Full Foam (EPP + EVA + expanding foam),52.86,"2,099",-0.18,-3.64,1.65,65,Fair,Tier 4,16.46,7.52,5.75,8.1,117.2,0.36,-3.39,3.5,54,6.06,-0.71,-3.56,2.62,46,23.9,-0.13,-3.21,3.54,45.58,39,-0.43,60.57,0.16,-2.75,2.75,53,38.41,-0.13,-2.75,2.75,48,50.200,0.398,60.7,38.51,0.288,0.67,slightly power
Diadem,Hush,18,New,,$189.95,JOHNKEW,10%,$170.96,https://diademsports.com/?sca_ref=6541890.ZymzZY8Ua9,USAP Quiet Approved only (not tournament legal),6 months,Elongated,Gen-1,Cold Pressed,Textured polyurethane,Thermoplastic Polyurethane,TPU + unknown,,"2,776",3.41,-3.64,1.65,100,Elite,,16.54,7.22,5.6,8.3,122.7,1.28,-3.39,3.5,68,5.13,-2.48,-3.56,2.62,18,24.5,0.98,-3.21,3.54,62.05,12,-1.39,62.94,2.66,-2.75,2.75,98,39.08,0.81,-2.75,2.75,65,81.500,0.48,64.1,39.7,1.849,4.28,power-leaning
Diadem,Icon V2 XL,13.7,New,,$199.95,JOHNKEW,10%,$179.96,https://diademsports.com/?sca_ref=6541890.ZymzZY8Ua9,USAP certified,6 months,Widebody,Gen-2,Thermoformed,Grit,Carbon Fiber (Japanese-Sourced),Honeycomb polypropylene + expanding foam,,"1,718",-2.21,-3.64,1.65,27,Poor,Tier 4,16,7.6,5.25,8.2,125,1.67,-3.39,3.5,73,5.69,-1.41,-3.56,2.62,35,24.5,0.98,-3.21,3.54,62.05,9,-1.5,,,-2.75,2.75,,,,-2.75,2.75,,,,57.7,36.9,,,
Diadem,Vice,16,New,,$224.95,JOHNKEW,10%,$202.46,https://diademsports.com/?sca_ref=6541890.ZymzZY8Ua9,None,6 months,Elongated,Gen-1,Cold Pressed,Grit,Carbon Fiber,EVA foam,13.85,"1,789",-1.83,-3.64,1.65,34,Poor,Tier 4,16.4,7.4,5.3,7.9,114,-0.16,-3.39,3.5,47,5.73,-1.34,-3.56,2.62,36,23.7,-0.5,-3.21,3.54,40.09,60,0.36,62.37,2.06,-2.75,2.75,87,38.84,0.48,-2.75,2.75,59,73.100,0.519,63.7,38.7,1.583,3.66,power-leaning
Diadem,Warrior,19,New,,$229.95,JOHNKEW,10%,$206.96,https://diademsports.com/?sca_ref=6541890.ZymzZY8Ua9,USAP certified,6 months,Elongated,Gen-1,Cold Pressed,Grit,Carbon Fiber,Honeycomb polypropylene,,"1,744",-2.07,-3.64,1.65,30,Poor,Tier 4,16.4,7.4,5.3,8.6,133,3,-3.39,3.5,93,7.25,1.55,-3.56,2.62,83,24.7,1.35,-3.21,3.54,67.54,1,-1.81,58.28,-2.26,-2.75,2.75,9,35.78,-3.86,-2.75,2.75,0,0.000,0.35,58.1,35.4,1.603,3.71,power-leaning
Diadem,Warrior BluCore Pro 14mm,14,New,,$249.95,JOHNKEW,10%,$224.96,https://diademsports.com/?sca_ref=6541890.ZymzZY8Ua9,USAP certified,6 months,Hybrid,Gen-4,Thermoformed,Peel Ply-Coarse,Kevlar & Carbon Fiber,Full Foam (EPP + expanding foam),,"1,931",-1.07,-3.64,1.65,49,Fair,Tier 4,16.34,7.4,5.7,7.9,109.6,-0.9,-3.39,3.5,36,5.76,-1.28,-3.56,2.62,37,23.2,-1.43,-3.21,3.54,26.36,83,1.21,,,-2.75,2.75,,,,-2.75,2.75,,,,59,38.8,,,
Diadem,Warrior BluCore Standard 19mm,19,New,,$249.95,JOHNKEW,10%,$224.96,https://diademsports.com/?sca_ref=6541890.ZymzZY8Ua9,USAP certified,6 months,Elongated,Gen-4,Cold Pressed,Peel Ply-Coarse,Kevlar & Carbon Fiber,Tri-layer foam & aramid honeycomb,,"1,931",-1.07,-3.64,1.65,49,Fair,Tier 4,16.46,7.6,5.7,8.3,118.5,0.59,-3.39,3.5,58,6.59,0.3,-3.56,2.62,62,23.7,-0.5,-3.21,3.54,40.09,29,-0.78,,,-2.75,2.75,,,,-2.75,2.75,,,,58.3,37,,,
Diller,Wood Paddle,9,New,,$13.59,,,$13.59,https://pickleballcentral.com/?oid=9&affid=7926664,,2 months,Other,Gen-0,Plywood,None,Wood,Wood,,"1,167",-5.13,-3.64,1.65,0,Poor,Tier 4,15.55,7.64,5,9,110.9,-0.68,-3.39,3.5,39,5.02,-2.69,-3.56,2.62,14,22.8,-2.17,-3.21,3.54,15.38,79,1.06,,,-2.75,2.75,,,,-2.75,2.75,,,,58.4,36,,,
Dymon,Mayhem,16,New,,$199.99,JOHNKEW,20%,$159.99,https://dymon1.com/,USAP certified,6 months,Elongated,Gen-2,Thermoformed,Peel Ply-Coarse,Toray Carbon Fiber,Kevlar honeycomb + expanding foam,,"2,256",0.65,-3.64,1.65,81,Good,Tier 4,16.5,7.5,4.25,7.8,110.6,-0.72,-3.39,3.5,39,6.31,-0.23,-3.56,2.62,54,23.8,-0.32,-3.21,3.54,42.83,76,0.95,,,-2.75,2.75,,,,-2.75,2.75,,,,59.6,37.6,,,
Element 6,Surtr,16,New,,$199.00,JOHNKEW,10%,$179.10,https://e6pickleball.com/product/pre-sale-pro-series-16mm-surtr-pre-sale/,USAP certified,1 year,Hybrid,Gen-3,Thermoformed,Peel Ply-Coarse,Toray Carbon Fiber,Carbon fiber + EVA + expanding foam,45.69,"2,067",-0.35,-3.64,1.65,62,Fair,Tier 4,16.26,7.72,5.55,8,113.5,-0.25,-3.39,3.5,46,6.33,-0.19,-3.56,2.62,54,23.8,-0.32,-3.21,3.54,42.83,61,0.39,60.88,0.48,-2.75,2.75,59,38.82,0.44,-2.75,2.75,58,58.400,0.407,60.8,38.5,0.038,0.09,balanced
Element 6,Zephyr,16,New,10/4/2025,$129.00,JOHNKEW,10%,$116.10,https://e6pickleball.com/product/pro-series-16mm-zephyr/e6-aff/gWTDsNF/,USAP certified,1 year,Hybrid,Gen-4,Thermoformed,Peel Ply-Coarse,T700 Carbon Fiber,Full-Foam (EPP with edge foam),31.86,"2,231",0.52,-3.64,1.65,79,Good,Tier 4,16.22,7.72,5.5,7.9,107.1,-1.31,-3.39,3.5,30,6.55,0.22,-3.56,2.62,61,23.2,-1.43,-3.21,3.54,26.36,91,1.49,62.3,1.99,-2.75,2.75,86,39.28,1.1,-2.75,2.75,70,78.100,0.51,62,39.6,0.887,2.05,power-leaning
Engage,Alpha Pro Elongated,14,New,,$259.99,JOHNKEW,10%,$233.99,https://pickleballcentral.com/?oid=9&affid=7926664,Dual certified - USAP and UPA-A,Lifetime,Elongated,Gen-2,Thermoformed,Peel Ply-Coarse,Carbon Fiber,Honeycomb polypropylene + expanding foam,80.70,"2,129",-0.02,-3.64,1.65,68,Good,Tier 4,16.46,7.54,5.51,8.1,114.2,-0.13,-3.39,3.5,47,6.45,0.03,-3.56,2.62,58,23.6,-0.69,-3.21,3.54,37.34,56,0.22,59.4,-1.07,-2.75,2.75,30,37.91,-0.84,-2.75,2.75,35,32.600,0.378,59.6,37.9,-0.232,-0.54,slightly pop
Engage,Axiom,16,New,8/26/2026,$199.99,JOHNKEW,10%,$179.99,https://www.engagepickleball.com/JOHNKEW,Dual Certified,Lifetime,Elongated,Gen 3,Thermoformed,Peel Ply-Coarse,T700 Carbon Fiber,Honeycomb polypropylene + foam,60.00,"2,345",1.12,-3.64,1.65,90,Elite,,16.5,7.5,5.5,7.9,113.5,-0.24,-3.39,3.5,46,5.98,-0.86,-3.56,2.62,44,23.8,-0.32,-3.21,3.54,42.83,61,0.4,61.04,0.66,-2.75,2.75,62,38.92,0.58,-2.75,2.75,61,61.200,0.411,60.6,38.46,0.077,0.18,balanced
Engage,Evolution Extreme V2.14,14,New,,$159.99,JOHNKEW,10%,$143.99,https://pickleballcentral.com/?oid=9&affid=7926664,USAP certified,Lifetime,Elongated,Gen-1,Cold Pressed,Peel Ply-Coarse,Toray Carbon Fiber,Honeycomb polypropylene,,"1,915",-1.16,-3.64,1.65,47,Fair,Tier 4,16.5,7.5,5.25,8,117.7,0.45,-3.39,3.5,56,6.38,-0.1,-3.56,2.62,56,24.4,0.79,-3.21,3.54,59.31,31,-0.7,,,-2.75,2.75,,,,-2.75,2.75,,,,56.7,36.6,,,
Engage,Evolution Extreme V2.16,16,New,,$159.99,JOHNKEW,10%,$143.99,https://pickleballcentral.com/?oid=9&affid=7926664,USAP certified,Lifetime,Hybrid,Gen-1,Cold Pressed,Peel Ply-Coarse,Toray Carbon Fiber,Honeycomb polypropylene,,"2,082",-0.27,-3.64,1.65,64,Fair,Tier 4,16.38,7.5,5.25,8.2,121.8,1.13,-3.39,3.5,66,6.66,0.43,-3.56,2.62,65,24.5,0.98,-3.21,3.54,62.05,13,-1.39,,,-2.75,2.75,,,,-2.75,2.75,,,,58.1,36.3,,,
Engage,Profoam,14,New,3/5/2026,$229.99,JOHNKEW,10%,$206.99,https://pickleballcentral.com/engage-profoam-14mm-pickleball-paddle/?oid=9&affid=7926664,Dual certified - USAP and UPA-A,Lifetime,Elongated,Gen-4,Thermoformed,Peel Ply-Coarse,Carbon Fiber,Full-Foam (EPP with edge foam),65.48,"2,176",0.23,-3.64,1.65,73,Good,Tier 4,16.54,7.51,5.59,8,121.6,1.11,-3.39,3.5,65,6.43,0,-3.56,2.62,58,24.9,1.72,-3.21,3.54,73.04,14,-1.35,59.6,-0.87,-2.75,2.75,34,37.94,-0.8,-2.75,2.75,36,34.800,0.381,59.9,38.1,-0.074,-0.17,balanced
Engage,Pursuit EX 6.0 Maxx,16,New,,$259.99,JOHNKEW,10%,$233.99,https://pickleballcentral.com/?oid=9&affid=7926664,USAP certified,Lifetime,Widebody,Gen-1,Cold Pressed,Frosted RCF,Toray Carbon Fiber,Honeycomb polypropylene,,"1,666",-2.48,-3.64,1.65,22,Poor,Tier 4,16,8,5,8,115.6,0.1,-3.39,3.5,51,7.43,1.9,-3.56,2.62,88,24.5,0.98,-3.21,3.54,62.05,43,-0.28,,,-2.75,2.75,,,,-2.75,2.75,,,,57.7,37.2,,,
Engage,Pursuit EX 6.0 Pro,16,New,,$259.99,JOHNKEW,10%,$233.99,https://pickleballcentral.com/?oid=9&affid=7926664,USAP certified,Lifetime,Widebody,Gen-1,Cold Pressed,Peel Ply-Coarse,Toray Carbon Fiber,Honeycomb polypropylene,,"2,260",0.67,-3.64,1.65,82,Good,Tier 4,16,8,5,8.1,114.7,-0.05,-3.39,3.5,49,7.32,1.69,-3.56,2.62,85,23.5,-0.87,-3.21,3.54,34.6,52,0.08,,,-2.75,2.75,,,,-2.75,2.75,,,,58.5,38.2,,,
Engage,Pursuit EX Pro,13,New,,$259.99,JOHNKEW,10%,$233.99,https://pickleballcentral.com/?oid=9&affid=7926664,USAP certified,Lifetime,Widebody,Gen-1,Cold Pressed,Peel Ply-Coarse,Toray Carbon Fiber,Honeycomb polypropylene,,"2,319",0.99,-3.64,1.65,87,Elite,Tier 4,16,8,5,8.2,116.2,0.2,-3.39,3.5,52,7.29,1.63,-3.56,2.62,84,23.7,-0.5,-3.21,3.54,40.09,42,-0.29,,,-2.75,2.75,,,,-2.75,2.75,,,,58.4,38.5,,,
Engage,Pursuit MX 6.0 Maxx,16,New,,$199.99,JOHNKEW,10%,$179.99,https://pickleballcentral.com/?oid=9&affid=7926664,USAP certified,Lifetime,Elongated,Gen-1,Cold Pressed,Frosted RCF,Toray Carbon Fiber,Honeycomb polypropylene,,"1,716",-2.22,-3.64,1.65,27,Poor,Tier 4,16.5,7.5,5.75,7.8,116.2,0.2,-3.39,3.5,52,5.8,-1.2,-3.56,2.62,38,24.2,0.42,-3.21,3.54,53.82,43,-0.26,,,-2.75,2.75,,,,-2.75,2.75,,,,59.6,37.1,,,
Engage,Pursuit MX 6.0 Pro,16,New,,$259.99,JOHNKEW,10%,$233.99,https://pickleballcentral.com/?oid=9&affid=7926664,USAP certified,Lifetime,Elongated,Gen-1,Cold Pressed,Peel Ply-Coarse,Toray Carbon Fiber,Honeycomb polypropylene,,"2,258",0.66,-3.64,1.65,81,Good,Tier 4,16.5,7.5,5.75,8.1,129.1,2.35,-3.39,3.5,83,6.65,0.41,-3.56,2.62,64,25.3,2.46,-3.21,3.54,84.02,3,-1.74,,,-2.75,2.75,,,,-2.75,2.75,,,,59.8,37.3,,,
Engage,Pursuit MX Pro,13,New,,$259.99,JOHNKEW,10%,$233.99,https://pickleballcentral.com/?oid=9&affid=7926664,USAP certified,Lifetime,Elongated,Gen-1,Cold Pressed,Peel Ply-Coarse,Toray Carbon Fiber,Honeycomb polypropylene,,"2,264",0.69,-3.64,1.65,82,Good,Tier 4,16.5,7.5,5.75,8,119.3,0.72,-3.39,3.5,60,5.85,-1.11,-3.56,2.62,40,24.1,0.24,-3.21,3.54,51.07,25,-0.92,,,-2.75,2.75,,,,-2.75,2.75,,,,59.7,38.2,,,
Engage,Pursuit Pro 1 6.0-Light,16,New,,$259.99,JOHNKEW,10%,$233.99,https://pickleballcentral.com/?oid=9&affid=7926664,USAP certified,Lifetime,Elongated,Gen-1,Cold Pressed,Peel Ply-Coarse,Toray Carbon Fiber,Honeycomb polypropylene,,"2,207",0.39,-3.64,1.65,76,Good,Tier 4,16.5,7.5,5.88,7.7,115.2,0.03,-3.39,3.5,50,5.75,-1.3,-3.56,2.62,37,23.7,-0.5,-3.21,3.54,40.09,52,0.06,,,-2.75,2.75,,,,-2.75,2.75,,,,59.9,37.3,,,
Engage,Pursuit Pro 1-Light,13,New,,$259.99,JOHNKEW,10%,$233.99,https://pickleballcentral.com/?oid=9&affid=7926664,USAP certified,Lifetime,Elongated,Gen-1,Cold Pressed,Peel Ply-Coarse,Toray Carbon Fiber,Honeycomb polypropylene,,"2,178",0.24,-3.64,1.65,73,Good,Tier 4,16.5,7.5,5.88,7.7,109.5,-0.91,-3.39,3.5,36,5.57,-1.64,-3.56,2.62,31,23.3,-1.25,-3.21,3.54,29.11,84,1.23,,,-2.75,2.75,,,,-2.75,2.75,,,,59.5,37.4,,,
Engage,Pursuit Pro Innovation,15.2,New,,$259.99,JOHNKEW,10%,$233.99,https://pickleballcentral.com/?oid=9&affid=7926664,USAP certified,Lifetime,Elongated,Gen-1,Cold Pressed,Peel Ply-Coarse,Toray Carbon Fiber,Honeycomb polypropylene,,"2,155",0.12,-3.64,1.65,71,Good,Tier 4,16.63,7.28,6,8.2,124.7,1.62,-3.39,3.5,73,6.31,-0.23,-3.56,2.62,54,24.5,0.98,-3.21,3.54,62.05,9,-1.53,60.19,-0.24,-2.75,2.75,46,38.02,-0.69,-2.75,2.75,37,41.500,0.388,60.6,37.8,0.448,1.04,power-leaning
Engage,Alpha Pro Elongated,16,New,10/17/2025,$199.99,JOHNKEW,10%,$179.99,https://pickleballcentral.com/engage-pursuit-alpha-pro-16mm-pickleball-paddle/?oid=9&affid=7926664,USAP certified,Lifetime,Elongated,Gen-2,Thermoformed,Peel Ply-Coarse,Carbon Fiber,Honeycomb polypropylene + expanding foam,71.48,"2,120",-0.07,-3.64,1.65,67,Good,Tier 4,16.46,7.56,5.51,8.2,114.5,-0.08,-3.39,3.5,48,6.75,0.6,-3.56,2.62,67,23.5,-0.87,-3.21,3.54,34.6,54,0.14,60.76,0.36,-2.75,2.75,57,38.69,0.26,-2.75,2.75,55,55.700,0.403,60.8,38.2,0.104,0.24,balanced
Engage,X2 Elongated,16,New,4/9/2026,$259.99,JOHNKEW,10%,$233.99,https://pickleballcentral.com/engage-x2-elongated-16mm-pickleball-paddle/?oid=9&affid=7926664,Dual certified,Lifetime,Elongated,Gen-3,Thermoformed,Peel Ply-Coarse,Micro Weave Carbon Fiber,Full Foam (EPP + EVA + expanding foam),56.90,"2,190",0.3,-3.64,1.65,75,Good,Tier 4,16.46,7.52,5.59,8,116.4,0.23,-3.39,3.5,53,5.99,-0.84,-3.56,2.62,44,23.7,-0.5,-3.21,3.54,40.09,43,-0.26,59.26,-1.22,-2.75,2.75,28,37.45,-1.5,-2.75,2.75,23,25.200,0.373,59.7,37.8,0.274,0.63,slightly power
Enhance,Duo Elongated,16,New,12/5/2025,$174.99,JOHNKEW,$20,$154.99,https://enhancepickleball.com/discount/JOHNKEW?redirect=%2Fcollections%2Fpaddles,USAP certified,1 year,Elongated,Gen-4,Thermoformed,Peel Ply-Coarse,T700 Carbon Fiber,Full Foam (EPP + EVA + expanding foam),42.35,"2,093",-0.21,-3.64,1.65,65,Fair,Tier 4,16.49,7.51,5.71,8.1,119.1,0.69,-3.39,3.5,59,6.56,0.24,-3.56,2.62,62,24.1,0.24,-3.21,3.54,51.07,24,-0.96,61.04,0.66,-2.75,2.75,62,38.76,0.36,-2.75,2.75,57,59.300,0.409,61.04,38.13,0.299,0.69,slightly power
Enhance,Duo Hybrid,16,New,1/4/2026,$199.99,JOHNKEW,$20,$179.99,https://enhancepickleball.com/products/duo/JOHNKEW,USAP certified,1 year,Hybrid,Gen-4,Thermoformed,Peel Ply-Coarse,T700 Carbon Fiber,Full-Foam (EPP with EVA border),52.37,"2,197",0.34,-3.64,1.65,75,Good,Tier 4,16.25,7.75,5.9,8,114.2,-0.12,-3.39,3.5,47,6.92,0.93,-3.56,2.62,73,23.9,-0.13,-3.21,3.54,45.58,54,0.12,60.17,-0.27,-2.75,2.75,45,38.39,-0.16,-2.75,2.75,47,46.100,0.392,60.3,38.8,-0.105,-0.24,balanced
Enhance,Duo Widebody,16,New,12/5/2025,$174.99,JOHNKEW,$20,$154.99,https://enhancepickleball.com/discount/JOHNKEW?redirect=%2Fcollections%2Fpaddles,USAP certified,1 year,Widebody,Gen-4,Thermoformed,Peel Ply-Coarse,T700 Carbon Fiber,Full Foam (EPP + EVA + expanding foam),47.34,,-11.33,-3.64,1.65,0,Poor,Tier 4,,,,,,-19.15,-3.39,3.5,0,,-12.23,-3.56,2.62,0,,-44.43,-3.21,3.54,0,100,1.83,,,-2.75,2.75,,,,-2.75,2.75,,,0.406,60.4,38.2,,,
Enhance,EPP Turbo-Elongated,16,New,2/3/2026,$119.99,JOHNKEW,$20,$99.99,https://enhancepickleball.com/discount/JOHNKEW?redirect=%2Fcollections%2Fpaddles,USAP certified,1 year,Elongated,Gen-4,Thermoformed,Peel Ply-Coarse,T700 Carbon Fiber,Full Foam (EPP + EVA + expanding foam),34.22,"2,124",-0.05,-3.64,1.65,68,Good,Tier 4,16.54,7.48,5.47,7.9,117.2,0.38,-3.39,3.5,55,6.27,-0.31,-3.56,2.62,53,24.3,0.61,-3.21,3.54,56.56,36,-0.54,61.37,1,-2.75,2.75,68,39.08,0.81,-2.75,2.75,65,66.500,0.419,61.3,39,0.186,0.43,slightly power
Enhance,EPP Turbo-Hybrid,16,New,2/3/2026,$119.99,JOHNKEW,$20,$99.99,https://enhancepickleball.com/discount/JOHNKEW?redirect=%2Fcollections%2Fpaddles,USAP certified,1 year,Hybrid,Gen-4,Thermoformed,Peel Ply-Coarse,T700 Carbon Fiber,Full Foam (EPP + EVA + expanding foam),35.13,"2,106",-0.14,-3.64,1.65,66,Good,Tier 4,16.22,7.68,5.83,8,112,-0.49,-3.39,3.5,42,6.71,0.53,-3.56,2.62,66,23.7,-0.5,-3.21,3.54,40.09,68,0.67,61.26,0.89,-2.75,2.75,66,39.18,0.96,-2.75,2.75,67,66.800,0.419,61.5,39.2,-0.072,-0.17,balanced
Enhance,EPP Turbo-Widebody,16,New,2/3/2026,$119.99,JOHNKEW,$20,$99.99,https://enhancepickleball.com/discount/JOHNKEW?redirect=%2Fcollections%2Fpaddles,USAP certified,1 year,Widebody,Gen-4,Thermoformed,Peel Ply-Coarse,T700 Carbon Fiber,Full Foam (EPP + EVA + expanding foam),36.06,"2,132",-0.01,-3.64,1.65,69,Good,Tier 4,15.98,7.91,5.28,8.1,110,-0.82,-3.39,3.5,37,7.18,1.42,-3.56,2.62,81,23.4,-1.06,-3.21,3.54,31.85,78,1,61.2,0.83,-2.75,2.75,65,39.24,1.04,-2.75,2.75,69,67.000,0.418,60.8,39.1,-0.215,-0.5,slightly pop
Enhance,Gen-4.5,16,New,1/6/2026,$175.00,JOHNKEW,$20,$155.00,https://enhancepickleball.com/discount/JOHNKEW?redirect=%2Fcollections%2Fpaddles,USAP certified,1 year,Elongated,Gen-4,Thermoformed,Peel Ply-Coarse,T700 Carbon Fiber,Full Foam (EPP + expanding foam),43.13,"2,103",-0.16,-3.64,1.65,66,Good,Tier 4,16.46,7.56,5.5,8,119.1,0.68,-3.39,3.5,59,6.08,-0.67,-3.56,2.62,47,24,0.05,-3.21,3.54,48.33,26,-0.88,61.08,0.69,-2.75,2.75,63,38.74,0.33,-2.75,2.75,56,59.300,0.409,60.4,38.3,0.368,0.85,power-leaning
Enhance,MPP Turbo,16,New,4/20/2026,$119.99,JOHNKEW,$20,$99.99,https://enhancepickleball.com/discount/JOHNKEW?redirect=%2Fcollections%2Fpaddles,USAP certified,1 year,Elongated,Gen-4,Thermoformed,Peel Ply-Coarse,T700 Carbon Fiber,Full Foam (MPP + EVA + expanding foam),30.64,"2,187",0.29,-3.64,1.65,74,Good,Tier 4,16.54,7.48,5.39,7.9,118.1,0.52,-3.39,3.5,57,6.29,-0.27,-3.56,2.62,53,24.3,0.61,-3.21,3.54,56.56,29,-0.77,61.28,0.9,-2.75,2.75,66,38.99,0.69,-2.75,2.75,63,64.500,0.416,61.2,39.3,0.214,0.49,slightly power
Enhance,MPP Turbo Hybrid,16,New,6/10/2026,$119.99,JOHNKEW,$20,$99.99,https://www.enhancepickleball.com/JOHNKEW,USAP certified,1 year,Hybrid,Gen-4,Thermoformed,Peel Ply-Coarse,T700 Carbon Fiber,Full Foam (MPP + EVA + expanding foam),33.70,"2,276",0.76,-3.64,1.65,83,Good,Tier 4,16.18,7.64,5.43,8.1,116.1,0.18,-3.39,3.5,52,6.43,0,-3.56,2.62,58,24.1,0.24,-3.21,3.54,51.07,43,-0.28,60.32,-0.11,-2.75,2.75,48,38.34,-0.23,-2.75,2.75,46,46.900,0.394,61,39.1,0.122,0.28,slightly power
Enhance,MPP Turbo Widebody,16,New,4/20/2026,$119.99,JOHNKEW,$20,$99.99,https://enhancepickleball.com/products/mpp-turbo/JOHNKEW,USAP certified,1 year,Widebody,Gen-4,Thermoformed,Peel Ply-Coarse,T700 Carbon Fiber,Full-Foam (MPP with EVA border),33.82,"2,109",-0.13,-3.64,1.65,66,Good,Tier 4,15.98,7.87,5.2,8.1,109.6,-0.9,-3.39,3.5,36,7.25,1.55,-3.56,2.62,83,23.5,-0.87,-3.21,3.54,34.6,80,1.08,60.62,0.21,-2.75,2.75,54,38.89,0.54,-2.75,2.75,60,56.900,0.404,60.8,39.3,-0.327,-0.76,pop-leaning
Ethos,Dunamis,14,New,,$179.95,JOHNKEW,10%,$161.96,https://www.ethospickleball.com/,USAP certified,1 year,Widebody,Gen-2,Thermoformed,Peel Ply-Coarse,Kevlar & Carbon Fiber,Honeycomb polypropylene + expanding foam,,"1,678",-2.42,-3.64,1.65,23,Poor,Tier 4,16,8,5.35,7.5,99.6,-2.57,-3.39,3.5,12,6.18,-0.48,-3.56,2.62,50,23.1,-1.62,-3.21,3.54,23.62,98,1.75,,,-2.75,2.75,,,,-2.75,2.75,,,,57,36.4,,,
Ethos,Dunamis Pro,16,New,6/5/2025,$199.90,JOHNKEW,15%,$199.75,https://www.ethospickleball.com/,USAP certified,1 year,Widebody,Gen-2,Thermoformed,Peel Ply-Coarse,Vectran Arylate Carbon,Honeycomb polypropylene + expanding foam,,"2,120",-0.07,-3.64,1.65,67,Good,Tier 4,16,8,5.5,8.2,115.9,0.16,-3.39,3.5,52,6.86,0.81,-3.56,2.62,71,23.8,-0.32,-3.21,3.54,42.83,44,-0.25,,,-2.75,2.75,,,,-2.75,2.75,,,,57.7,37.1,,,
F+B,Runout-E,14,New,10/3/2025,$199.90,JOHNKEW,10%,$179.91,https://fandbsports.com/products/f-b-runout-pickleball-paddle,USAP certified,6 months,Elongated,Gen-3,Cold Pressed,Peel Ply-Coarse,T700 Carbon Fiber,Honeycomb polypropylene + EVA + expanding foam,69.07,"2,300",0.89,-3.64,1.65,86,Elite,Tier 4,16.46,7.44,5.71,8.1,114.9,-0.01,-3.39,3.5,49,5.86,-1.09,-3.56,2.62,40,24.1,0.24,-3.21,3.54,51.07,52,0.08,60.51,0.09,-2.75,2.75,52,38.67,0.23,-2.75,2.75,54,53.000,0.4,59.6,38.33,-0.142,-0.33,slightly pop
F+B,Runout-H,14,New,10/3/2025,$199.90,JOHNKEW,10%,$179.91,https://fandbsports.com/products/f-b-runout-pickleball-paddle,USAP certified,6 months,Hybrid,Gen-3,Cold Pressed,Peel Ply-Coarse,T700 Carbon Fiber,Honeycomb polypropylene + EVA + expanding foam,57.71,"2,249",0.61,-3.64,1.65,80,Good,Tier 4,16.22,7.72,5.71,8.1,111.7,-0.55,-3.39,3.5,41,6.08,-0.67,-3.56,2.62,47,23.9,-0.13,-3.21,3.54,45.58,71,0.77,60.56,0.14,-2.75,2.75,53,38.85,0.49,-2.75,2.75,59,55.800,0.403,59.52,38.4,-0.347,-0.8,pop-leaning
F+B,Runout-S,14,New,10/3/2025,$199.90,JOHNKEW,10%,$179.91,https://fandbsports.com/products/f-b-runout-pickleball-paddle,USAP certified,6 months,Widebody,Gen-3,Cold Pressed,Peel Ply-Coarse,T700 Carbon Fiber,Honeycomb polypropylene + EVA + expanding foam,63.40,"2,322",1,-3.64,1.65,88,Elite,Tier 4,15.98,7.95,5.71,8.2,111,-0.66,-3.39,3.5,40,6.53,0.19,-3.56,2.62,61,23.7,-0.5,-3.21,3.54,40.09,74,0.87,60.01,-0.43,-2.75,2.75,42,38.49,-0.02,-2.75,2.75,50,45.900,0.391,58.74,38.5,-0.413,-0.96,pop-leaning
Facolos,Elite X,16,New,2/6/2026,$170.00,JOHNKEW,10%,$153.00,https://facolospickleball.com/san-pham/vot-pickleball-pro-series-elite-x-16mm/,Dual certified - USAP and UPA-A,3 months,Elongated,Gen-3,Thermoformed,Peel Ply-Coarse,T700 Carbon Fiber,Honeycomb polypropylene + EVA + expanding foam,77.27,"2,156",0.12,-3.64,1.65,71,Good,Tier 4,16.5,7.44,5.55,8.2,121.6,1.1,-3.39,3.5,65,5.75,-1.3,-3.56,2.62,37,24.2,0.42,-3.21,3.54,53.82,17,-1.21,59.66,-0.8,-2.75,2.75,35,37.5,-1.42,-2.75,2.75,24,29.800,0.377,58.9,37.71,0.618,1.43,power-leaning
Facolos,Elite X Widebody,16,New,4/17/2026,$219.99,JOHNKEW,10%,$197.99,https://shopfacolos.com/products/elite-x-widebody,Dual Certified,6 months,Widebody,Gen-3,Thermoformed,Peel Ply-Coarse,T700 Carbon Fiber,Honeycomb polypropylene + foam,84.68,"2,343",1.11,-3.64,1.65,90,Elite,Tier 4,16.06,8.03,5.47,8.1,115.4,0.07,-3.39,3.5,50,6.95,0.98,-3.56,2.62,74,23.9,-0.13,-3.21,3.54,45.58,46,-0.15,60.06,-0.38,-2.75,2.75,43,38.24,-0.37,-2.75,2.75,43,43.200,0.389,59.9,38.4,-0.009,-0.02,balanced
FLIK,F3 Elongated,16,New,2/2/2026,$190.00,JOHNKEW,10%,$171.00,https://flikpickleball.com/products/f3-triple-core-paddle?ref=JOHNKEW,USAP Certified,1 year,Elongated,Gen-4,Thermoformed,Peel Ply-Coarse,T700 Carbon Fiber,Full Foam (EPP with EVA border),56.73,"2,061",-0.38,-3.64,1.65,62,Fair,Tier 4,16.5,7.5,5.47,8,117.2,0.37,-3.39,3.5,55,6.11,-0.61,-3.56,2.62,48,24.7,1.35,-3.21,3.54,67.54,35,-0.55,60.37,-0.06,-2.75,2.75,49,38.39,-0.16,-2.75,2.75,47,48.000,0.395,60.2,38.5,0.106,0.24,balanced
FLIK,F3 Hybrid,16,New,2/2/2026,$190.00,JOHNKEW,10%,$171.00,https://flikpickleball.com/products/f3-triple-core-paddle?ref=JOHNKEW,USAP certified,1 year,Hybrid,Gen-4,Thermoformed,Peel Ply-Coarse,T700 Carbon Fiber,Full Foam (EPP with EVA border),57.83,"2,087",-0.25,-3.64,1.65,64,Fair,Tier 4,16.3,7.7,5.47,8,116.9,0.31,-3.39,3.5,54,6.52,0.17,-3.56,2.62,60,24.6,1.16,-3.21,3.54,64.8,36,-0.51,60.98,0.59,-2.75,2.75,61,38.88,0.53,-2.75,2.75,60,60.200,0.41,60.2,38.8,0.057,0.13,balanced
FLIK,F3 Standard,16,New,2/2/2026,$190.00,JOHNKEW,10%,$171.00,https://flikpickleball.com/products/f3-triple-core-paddle?ref=JOHNKEW,USAP certified,1 year,Standard,Gen-4,Thermoformed,Peel Ply-Coarse,T700 Carbon Fiber,Full Foam (EPP with EVA border),55.29,"2,122",-0.06,-3.64,1.65,68,Good,Tier 4,16,8,5.51,8,112.3,-0.45,-3.39,3.5,43,6.64,0.39,-3.56,2.62,64,24.1,0.24,-3.21,3.54,51.07,65,0.55,60.04,-0.41,-2.75,2.75,43,38.35,-0.23,-2.75,2.75,46,44.300,0.39,60.2,38.6,-0.178,-0.41,slightly pop
Fortix,Lance,16,New,8/26/2026,$189.00,JOHNKEW,10%,$170.10,https://fortixsports.com/products/fortix-lance-16mm-elongated-3,USAP Certified,6 months,Elongated,Gen 4,Thermoformed,Peel Ply-Coarse,T700 Carbon Fiber,Full Foam,37.94,"2,214",0.43,-3.64,1.65,77,Good,,16.54,7.48,5.5,8,120.9,0.98,-3.39,3.5,63,6.23,-0.38,-3.56,2.62,51,24.8,1.53,-3.21,3.54,70.29,18,-1.19,61.38,1.01,-2.75,2.75,68,38.97,0.66,-2.75,2.75,62,65.200,0.418,60.6,38.46,0.349,0.81,power-leaning
Franklin,C45 Aurelius 12.7 mm,12.7,New,4/9/2026,$229.99,JOHNKEW,10%,$206.99,https://franklinsports.sjv.io/9VOgdy,Dual certified - USAP and UPA-A,1 year,Widebody,Gen-3,Thermoformed,Peel Ply-Coarse,T700 Carbon Fiber,Honeycomb polypropylene + EVA + expanding foam,64.26,"2,243",0.58,-3.64,1.65,80,Good,Tier 4,15.79,7.91,5.08,7.3,91.8,-3.86,-3.39,3.5,0,5.7,-1.39,-3.56,2.62,35,22.9,-1.99,-3.21,3.54,18.12,99,1.8,58.98,-1.52,-2.75,2.75,22,38.65,0.2,-2.75,2.75,54,38.000,0.381,59.6,38.7,-1.722,-3.98,pop-leaning
Franklin,C45 Aurelius 14 mm,14,New,4/9/2026,$229.99,JOHNKEW,10%,$206.99,https://franklinsports.sjv.io/9VOgdy,Dual certified - USAP and UPA-A,1 year,Widebody,Gen-3,Thermoformed,Peel Ply-Coarse,T700 Carbon Fiber,Honeycomb polypropylene + EVA + expanding foam,66.48,"2,297",0.87,-3.64,1.65,85,Good,Tier 4,15.79,7.91,5.08,7.6,100.2,-2.46,-3.39,3.5,13,6.35,-0.16,-3.56,2.62,55,23,-1.8,-3.21,3.54,20.87,97,1.72,59.01,-1.49,-2.75,2.75,23,38.22,-0.41,-2.75,2.75,43,32.700,0.377,59.7,38.8,-1.082,-2.5,pop-leaning
Franklin,C45 Aurelius 16 mm,16,New,4/9/2026,$229.99,JOHNKEW,10%,$206.99,https://franklinsports.sjv.io/9VOgdy,Dual certified - USAP and UPA-A,1 year,Widebody,Gen-3,Thermoformed,Peel Ply-Coarse,T700 Carbon Fiber,Honeycomb polypropylene + EVA + expanding foam,63.45,"2,310",0.94,-3.64,1.65,87,Elite,Tier 4,15.79,7.91,5.08,7.7,102.5,-2.08,-3.39,3.5,19,6.39,-0.08,-3.56,2.62,56,23,-1.8,-3.21,3.54,20.87,96,1.69,60.07,-0.37,-2.75,2.75,43,38.67,0.23,-2.75,2.75,54,48.700,0.394,59.9,38.5,-0.598,-1.38,pop-leaning
Franklin,C45 Dynasty 14mm,14,New,6/3/2025,$229.99,JOHNKEW,10%,$206.99,https://franklinsports.sjv.io/WqZr1O,Dual certified - USAP and UPA-A,1 year,Elongated,Gen-3,Thermoformed,Peel Ply-Coarse,T700 Carbon Fiber,Honeycomb polypropylene + EVA + expanding foam,55.04,"2,115",-0.1,-3.64,1.65,67,Good,Tier 4,16.46,7.52,5.6,7.9,117.6,0.44,-3.39,3.5,56,6,-0.82,-3.56,2.62,44,24.4,0.79,-3.21,3.54,59.31,33,-0.64,,,-2.75,2.75,,,,-2.75,2.75,,,,59.7,38.3,,,
Franklin,C45 Dynasty 16mm,16,New,6/3/2025,$229.99,JOHNKEW,10%,$206.99,https://franklinsports.sjv.io/9VOgdy,Dual certified - USAP and UPA-A,1 year,Elongated,Gen-3,Thermoformed,Peel Ply-Coarse,T700 Carbon Fiber,Honeycomb polypropylene + EVA + expanding foam,75.25,"2,083",-0.27,-3.64,1.65,64,Fair,Tier 4,16.46,7.52,5.6,7.8,115.3,0.05,-3.39,3.5,50,5.85,-1.11,-3.56,2.62,40,24.4,0.79,-3.21,3.54,59.31,48,-0.09,60.25,-0.18,-2.75,2.75,47,38.35,-0.22,-2.75,2.75,46,46.400,0.393,59.9,38.2,0.032,0.07,balanced
Franklin,C45 Hybrid 14mm,14,New,6/3/2025,$229.00,JOHNKEW,10%,$206.10,https://franklinsports.sjv.io/9VOgdy,Dual certified - USAP and UPA-A,1 year,Hybrid,Gen-3,Thermoformed,Peel Ply-Coarse,T700 Carbon Fiber,Honeycomb polypropylene + EVA + expanding foam,,"2,204",0.38,-3.64,1.65,76,Good,Tier 4,16.3,7.6,5.75,7.5,103.5,-1.91,-3.39,3.5,22,5.42,-1.92,-3.56,2.62,26,23.5,-0.87,-3.21,3.54,34.6,96,1.68,,,-2.75,2.75,,,,-2.75,2.75,,,,58.5,38.2,,,
Franklin,C45 Pariss Todd,13.25,New,3/6/2026,$229.99,JOHNKEW,10%,$206.99,https://franklinsports.sjv.io/WqZr1O,Dual certified - USAP and UPA-A,1 year,Hybrid,Gen-3,Thermoformed,Peel Ply-Coarse,T700 Carbon Fiber,Honeycomb polypropylene + EVA + expanding foam,76.81,"2,317",0.98,-3.64,1.65,87,Elite,Tier 4,16.22,7.56,5.5,7.5,109.3,-0.95,-3.39,3.5,35,5.43,-1.91,-3.56,2.62,27,23.7,-0.5,-3.21,3.54,40.09,83,1.21,59.66,-0.8,-2.75,2.75,35,38.41,-0.14,-2.75,2.75,47,41.400,0.386,59.3,39.2,-0.665,-1.54,pop-leaning
Franklin,C45 Tempo 14mm,14,New,6/3/2025,$229.99,JOHNKEW,10%,$206.99,https://franklinsports.sjv.io/WqZr1O,Dual certified - USAP and UPA-A,1 year,Widebody,Gen-3,Thermoformed,Peel Ply-Coarse,T700 Carbon Fiber,Honeycomb polypropylene + EVA + expanding foam,,"2,115",-0.1,-3.64,1.65,67,Good,Tier 4,15.83,7.83,5,7.8,102.7,-2.05,-3.39,3.5,19,6.45,0.03,-3.56,2.62,58,23.1,-1.62,-3.21,3.54,23.62,96,1.66,,,-2.75,2.75,,,,-2.75,2.75,,,,58.96,38.4,,,
Franklin,C45 Tempo 16mm,16,New,6/3/2025,$229.99,JOHNKEW,10%,$206.99,https://franklinsports.sjv.io/WqZr1O,Dual certified - USAP and UPA-A,1 year,Widebody,Gen-3,Thermoformed,Peel Ply-Coarse,T700 Carbon Fiber,Honeycomb polypropylene + EVA + expanding foam,,"2,157",0.13,-3.64,1.65,71,Good,Tier 4,15.83,7.83,5,7.7,102.9,-2,-3.39,3.5,20,6.39,-0.08,-3.56,2.62,56,23.2,-1.43,-3.21,3.54,26.36,95,1.66,,,-2.75,2.75,,,,-2.75,2.75,,,,58.9,38.1,,,
Franklin,Carbon STK,14.5,New,,$149.99,Use Affiliate Link,10%,$134.99,https://franklinsports.sjv.io/WqZr1O,USAP certified,1 year,Elongated,Gen-1,Cold Pressed,Unknown,Carbon Fiber,Honeycomb polypropylene,,"1,251",-4.69,-3.64,1.65,0,Poor,Tier 4,16.5,7.5,4.25,7.6,118,0.5,-3.39,3.5,57,5.76,-1.28,-3.56,2.62,37,24.6,1.16,-3.21,3.54,64.8,30,-0.73,,,-2.75,2.75,,,,-2.75,2.75,,,,57.2,35.1,,,
Franklin,Tour Dynasty,16,New,,$149.99,JOHNKEW,10%,$134.99,https://franklinsports.sjv.io/WqZr1O,Dual certified - USAP and UPA-A,1 year,Elongated,Gen-2,Thermoformed,Peel Ply-Coarse,T700 Carbon Fiber,Honeycomb polypropylene + expanding foam,88.24,"2,167",0.18,-3.64,1.65,72,Good,Tier 4,16.5,7.5,5.6,9.2,138.7,3.94,-3.39,3.5,100,7.45,1.93,-3.56,2.62,89,24.6,1.16,-3.21,3.54,64.8,1,-1.81,59.73,-0.73,-2.75,2.75,37,36.92,-2.24,-2.75,2.75,9,23.000,0.372,59.6,36.2,1.508,3.49,power-leaning
Franklin,Tour Dynasty,14,New,,$149.99,JOHNKEW,10%,$134.99,https://franklinsports.sjv.io/WqZr1O,Dual certified - USAP and UPA-A,1 year,Elongated,Gen-2,Thermoformed,Peel Ply-Coarse,T700 Carbon Fiber,Honeycomb polypropylene + expanding foam,,"2,288",0.82,-3.64,1.65,84,Good,Tier 4,16.5,7.5,5.6,8.2,126,1.84,-3.39,3.5,76,6.6,0.32,-3.56,2.62,63,24.7,1.35,-3.21,3.54,67.54,5,-1.65,,,-2.75,2.75,,,,-2.75,2.75,,,,58.8,37.3,,,
Franklin,Tour Tempo,12,New,,$149.99,JOHNKEW,10%,$134.99,https://franklinsports.sjv.io/WqZr1O,Dual certified - USAP and UPA-A,1 year,Widebody,Gen-2,Thermoformed,Peel Ply-Coarse,T700 Carbon Fiber,Honeycomb polypropylene + expanding foam,,"2,252",0.63,-3.64,1.65,81,Good,Tier 4,15.9,8,5,7.4,101.4,-2.27,-3.39,3.5,16,6.15,-0.54,-3.56,2.62,49,23.6,-0.69,-3.21,3.54,37.34,96,1.69,,,-2.75,2.75,,,,-2.75,2.75,,,,58.5,38,,,
Franklin,Tour Tempo,14,New,,$149.99,JOHNKEW,10%,$134.99,https://franklinsports.sjv.io/WqZr1O,Dual certified - USAP and UPA-A,1 year,Widebody,Gen-2,Thermoformed,Peel Ply-Coarse,T700 Carbon Fiber,Honeycomb polypropylene + expanding foam,,"2,199",0.35,-3.64,1.65,75,Good,Tier 4,15.9,8,5,8.5,116.3,0.22,-3.39,3.5,52,7.13,1.33,-3.56,2.62,79,23.4,-1.06,-3.21,3.54,31.85,42,-0.3,,,-2.75,2.75,,,,-2.75,2.75,,,,58.7,37.7,,,
Franklin,Tour Tempo,16,New,,$149.99,JOHNKEW,10%,$134.99,https://franklinsports.sjv.io/WqZr1O,Dual certified - USAP and UPA-A,1 year,Widebody,Gen-2,Thermoformed,Peel Ply-Coarse,T700 Carbon Fiber,Honeycomb polypropylene + expanding foam,,"2,094",-0.21,-3.64,1.65,65,Fair,Tier 4,15.9,8,5,8.9,122,1.17,-3.39,3.5,66,7.5,2.03,-3.56,2.62,90,23.5,-0.87,-3.21,3.54,34.6,15,-1.3,,,-2.75,2.75,,,,-2.75,2.75,,,,59.2,37.3,,,
Friday,Aura Hybrid,16,New,4/5/2026,$129.00,JOHNKEW,$10,$119.00,https://www.fridaypickle.com/JOHNKEW,USAP certified,6 months,Hybrid,Gen-4,Thermoformed,Peel Ply-Coarse,T700 Carbon Fiber,Full Foam (EPP + EVA + expanding foam),46.74,"2,252",0.63,-3.64,1.65,81,Good,Tier 4,16.26,7.72,5.43,7.9,110.9,-0.68,-3.39,3.5,39,6.13,-0.58,-3.56,2.62,48,23.8,-0.32,-3.21,3.54,42.83,76,0.96,60.88,0.49,-2.75,2.75,59,38.92,0.58,-2.75,2.75,61,59.700,0.409,60.9,37.8,-0.093,-0.22,balanced
Friday,Aura Pro Elongated,16,New,4/5/2026,$169.00,JOHNKEW,$10,$159.00,https://www.fridaypickle.com/JOHNKEW,USAP certified,6 months,Elongated,Gen-4,Thermoformed,Peel Ply-Coarse,T700 Carbon Fiber,Full Foam (EPP + EVA + expanding foam),43.45,"2,275",0.75,-3.64,1.65,83,Good,Tier 4,16.46,7.48,5.43,7.9,115.1,0.02,-3.39,3.5,50,6.1,-0.63,-3.56,2.62,47,24.1,0.24,-3.21,3.54,51.07,50,0,61.34,0.97,-2.75,2.75,68,39.09,0.83,-2.75,2.75,65,66.300,0.419,61.4,39,0.14,0.32,slightly power
Friday,Aura Pro Hybrid,16,New,6/10/2026,$169.00,JOHNKEW,$10,$159.00,https://www.fridaypickle.com/JOHNKEW,USAP certified,6 months,Hybrid,Gen-4,Thermoformed,Peel Ply-Coarse,T700 Carbon Fiber,Full Foam (EPP + EVA + expanding foam),36.92,"2,283",0.8,-3.64,1.65,84,Good,Tier 4,16.38,7.8,5.39,7.9,113.6,-0.22,-3.39,3.5,46,6.48,0.09,-3.56,2.62,59,23.9,-0.13,-3.21,3.54,45.58,58,0.3,61.38,1.02,-2.75,2.75,69,39.21,0.99,-2.75,2.75,68,68.300,0.421,61.2,39.2,0.026,0.06,balanced
Friday,Aura Pro Widebody,16,New,6/10/2026,$169.00,JOHNKEW,$10,$159.00,https://www.fridaypickle.com/JOHNKEW,USAP certified,6 months,Widebody,Gen-4,Thermoformed,Peel Ply-Coarse,T700 Carbon Fiber,Full Foam (EPP + EVA + expanding foam),43.16,"2,313",0.95,-3.64,1.65,87,Elite,Tier 4,15.94,7.99,5.31,7.9,108.4,-1.1,-3.39,3.5,33,6.96,1,-3.56,2.62,74,23.5,-0.87,-3.21,3.54,34.6,84,1.22,61.2,0.82,-2.75,2.75,65,39.31,1.14,-2.75,2.75,71,67.800,0.42,61,39.4,-0.326,-0.75,pop-leaning
Friday,Fever 101 Elongated,16,New,10/6/2025,$99.00,JOHNKEW,$10,$89.00,https://www.fridaypickle.com/JOHNKEW,USAP certified,6 months,Elongated,Gen-3,Thermoformed,Peel Ply-Coarse,T700 Carbon Fiber,Honeycomb polypropylene + EVA + expanding foam,,"2,011",-0.65,-3.64,1.65,57,Fair,Tier 4,16.46,7.48,5.5,7.8,115.1,0.02,-3.39,3.5,50,5.75,-1.3,-3.56,2.62,37,24,0.05,-3.21,3.54,48.33,51,0.02,60.1,-0.34,-2.75,2.75,44,38.18,-0.45,-2.75,2.75,42,42.800,0.389,60.3,37.9,0.116,0.27,slightly power
Friday,Fever 102 Elongated,16,New,4/5/2026,$102.00,JOHNKEW,$10,$92.00,https://www.fridaypickle.com/JOHNKEW,USAP certified,6 months,Elongated,Gen-3,Thermoformed,Peel Ply-Coarse,T700 Carbon Fiber,Honeycomb polypropylene + EVA + expanding foam,61.66,"2,271",0.73,-3.64,1.65,83,Good,Tier 4,16.51,7.48,5.43,8.3,125.4,1.73,-3.39,3.5,74,6.54,0.2,-3.56,2.62,61,24.9,1.72,-3.21,3.54,73.04,6,-1.63,60.5,0.09,-2.75,2.75,52,38.18,-0.45,-2.75,2.75,42,46.700,0.394,60.3,37.8,0.542,1.25,power-leaning
Friday,Fever Widebody,16,New,4/5/2026,$99.00,JOHNKEW,$10,$89.00,https://www.fridaypickle.com/JOHNKEW,USAP certified,6 months,Widebody,Gen-2,Thermoformed,Peel Ply-Coarse,T700 Carbon Fiber,Honeycomb polypropylene + expanding foam,,"2,136",0.01,-3.64,1.65,69,Good,Tier 4,15.91,7.95,5.43,8.2,114.1,-0.15,-3.39,3.5,47,7.04,1.16,-3.56,2.62,76,23.9,-0.13,-3.21,3.54,45.58,55,0.16,59.37,-1.11,-2.75,2.75,30,37.75,-1.06,-2.75,2.75,31,30.300,0.377,59.7,39.2,-0.047,-0.11,balanced
Gamma,Airbender,16,New,,$199.99,JOHNKEW,10%,$179.99,https://www.gammasports.com/johnwilliams,USAP certified,1 year,Elongated,Gen-2,Thermoformed-edgeless,Peel Ply-Coarse,Toray Carbon Fiber,Honeycomb polypropylene + expanding foam,,"1,903",-1.22,-3.64,1.65,46,Fair,Tier 4,16.5,7.38,5.38,8.5,115.3,0.06,-3.39,3.5,50,5.57,-1.64,-3.56,2.62,31,23.3,-1.25,-3.21,3.54,29.11,52,0.06,58.87,-1.64,-2.75,2.75,20,36.91,-2.26,-2.75,2.75,9,14.600,0.364,58.9,36,0.626,1.45,power-leaning
Gamma,Airbender,10,New,,$199.99,JOHNKEW,10%,$179.99,https://www.gammasports.com/johnwilliams,USAP certified,1 year,Elongated,Gen-2,Thermoformed-edgeless,Peel Ply-Coarse,Toray Carbon Fiber,Honeycomb polypropylene + expanding foam,,"1,988",-0.77,-3.64,1.65,54,Fair,Tier 4,16.54,7.38,5.5,8.1,111.2,-0.62,-3.39,3.5,40,5.08,-2.57,-3.56,2.62,16,23.5,-0.87,-3.21,3.54,34.6,76,0.96,,,-2.75,2.75,,,,-2.75,2.75,,,,58.3,37.2,,,
Gamma,Airbender,13,New,,$199.99,JOHNKEW,10%,$179.99,https://www.gammasports.com/johnwilliams,USAP certified,1 year,Elongated,Gen-2,Thermoformed-edgeless,Peel Ply-Coarse,Toray Carbon Fiber,Honeycomb polypropylene + expanding foam,,"2,107",-0.14,-3.64,1.65,66,Good,Tier 4,16.54,7.38,5.5,8.1,113.8,-0.19,-3.39,3.5,46,5.24,-2.27,-3.56,2.62,21,23.6,-0.69,-3.21,3.54,37.34,61,0.4,,,-2.75,2.75,,,,-2.75,2.75,,,,59,36.6,,,
Gamma,Obsidian 10,10,New,,$159.99,JOHNKEW,10%,$143.99,https://www.gammasports.com/johnwilliams,USAP certified,1 year,Elongated,Gen-2,Thermoformed,Peel Ply-Coarse,Toray Carbon Fiber,Honeycomb polypropylene + expanding foam,,"1,992",-0.75,-3.64,1.65,55,Fair,Tier 4,16.38,7.63,5.75,8,118.3,0.55,-3.39,3.5,57,5.77,-1.26,-3.56,2.62,37,24.4,0.79,-3.21,3.54,59.31,29,-0.78,,,-2.75,2.75,,,,-2.75,2.75,,,,58.2,37,,,
Gamma,Obsidian 13,13,New,,$159.99,JOHNKEW,10%,$143.99,https://www.gammasports.com/johnwilliams,USAP certified,1 year,Elongated,Gen-2,Thermoformed,Peel Ply-Coarse,Toray Carbon Fiber,Honeycomb polypropylene + expanding foam,,"1,854",-1.48,-3.64,1.65,41,Poor,Tier 4,16.38,7.63,5.75,7.9,112.2,-0.46,-3.39,3.5,42,6,-0.82,-3.56,2.62,44,23.8,-0.32,-3.21,3.54,42.83,69,0.7,,,-2.75,2.75,,,,-2.75,2.75,,,,58.4,36.8,,,
Gamma,Obsidian 16,16,New,,$159.99,JOHNKEW,10%,$143.99,https://www.gammasports.com/johnwilliams,USAP certified,1 year,Elongated,Gen-2,Thermoformed,Peel Ply-Coarse,Toray Carbon Fiber,Honeycomb polypropylene + expanding foam,,"1,877",-1.36,-3.64,1.65,43,Poor,Tier 4,16.38,7.63,5.75,8.1,119.6,0.77,-3.39,3.5,60,6.46,0.05,-3.56,2.62,58,24.5,0.98,-3.21,3.54,62.05,21,-1.09,,,-2.75,2.75,,,,-2.75,2.75,,,,58.9,36.3,,,
Gearbox,CX14H Ultimate Power,14,New,,$249.99,JOHNKEW,0%,$249.99,https://gearboxsports.com/?rfsn=7659766.b5c963,USAP certified,1 year,Widebody,Gen-2,Thermoformed-edgeless,Grit,3K Woven Carbon Fiber,Honeycomb polypropylene + expanding foam,,"1,962",-0.91,-3.64,1.65,52,Fair,Tier 4,15.6,8,5.38,8.5,107,-1.33,-3.39,3.5,30,5.78,-1.24,-3.56,2.62,38,22,-3.65,-3.21,3.54,0,94,1.59,,,-2.75,2.75,,,,-2.75,2.75,,,,54.6,35,,,
Gearbox,G2 Elongated,14,New,,$119.99,JOHNKEW,0%,$119.99,https://gearboxsports.com/?rfsn=7659766.b5c963,USAP certified,1 year,Elongated,Gen-2,Thermoformed-edgeless,Grit,Carbon Fiber; Fiberglass,Honeycomb polypropylene + expanding foam,,"2,030",-0.55,-3.64,1.65,58,Fair,Tier 4,16.5,7.4,5.5,7.9,122.9,1.31,-3.39,3.5,68,5.35,-2.06,-3.56,2.62,24,25.4,2.65,-3.21,3.54,86.76,11,-1.44,,,-2.75,2.75,,,,-2.75,2.75,,,,57.9,34.6,,,
Gearbox,G2 Integra,14,New,,$139.99,JOHNKEW,0%,$139.99,https://gearboxsports.com/?rfsn=7659766.b5c963,USAP certified,1 year,Hybrid,Gen-2,Thermoformed-edgeless,Grit,Carbon Fiber; Fiberglass,Honeycomb polypropylene + expanding foam,,"2,113",-0.11,-3.64,1.65,67,Good,Tier 4,16,7.38,5.5,7.9,113.3,-0.28,-3.39,3.5,45,5.64,-1.51,-3.56,2.62,33,24.5,0.98,-3.21,3.54,62.05,60,0.36,,,-2.75,2.75,,,,-2.75,2.75,,,,57.7,34.5,,,
Gearbox,G2 Quad,14,New,,$99.99,JOHNKEW,0%,$99.99,https://gearboxsports.com/?rfsn=7659766.b5c963,USAP certified,1 year,Widebody,Gen-2,Thermoformed-edgeless,Grit,Carbon Fiber; Fiberglass,Honeycomb polypropylene + expanding foam,,"2,139",0.03,-3.64,1.65,69,Good,Tier 4,15.88,8,4.75,7.9,108,-1.17,-3.39,3.5,32,6.23,-0.38,-3.56,2.62,51,23.7,-0.5,-3.21,3.54,40.09,86,1.33,,,-2.75,2.75,,,,-2.75,2.75,,,,56.8,35.3,,,
Gearbox,GBX Power Elongated,16,New,3/2/2026,$179.99,JOHNKEW,10%,$161.99,https://gearboxsports.com/collections/power/products/gbx-power-elongated?rfsn=7659766.b5c963,USAP certified,1 year (with registration),Elongated,Gen-3,Thermoformed,Peel Ply-Coarse,Toray Carbon Fiber,Honeycomb polypropylene + EVA + expanding foam,43.85,"2,132",0,-3.64,1.65,69,Good,Tier 4,16.54,7.44,5.47,8,117,0.34,-3.39,3.5,54,6.55,0.22,-3.56,2.62,61,24.3,0.61,-3.21,3.54,56.56,37,-0.48,,,-2.75,2.75,,,,-2.75,2.75,,,,61,38.2,,,
Gearbox,GBX Power Hybdrid,16,New,3/2/2026,$179.99,JOHNKEW,10%,$161.99,https://gearboxsports.com/collections/power/products/gbx-power-hybrid?rfsn=7659766.b5c963,USAP certified,1 year (with registration),Hybrid,Gen-3,Thermoformed,Peel Ply-Coarse,Toray Carbon Fiber,Honeycomb polypropylene + EVA + expanding foam,54.49,"2,107",-0.14,-3.64,1.65,66,Good,Tier 4,16.2,7.8,5.35,7.9,114.4,-0.1,-3.39,3.5,48,6.86,0.81,-3.56,2.62,71,24.1,0.24,-3.21,3.54,51.07,51,0.04,60.68,0.28,-2.75,2.75,55,38.79,0.4,-2.75,2.75,57,56.200,0.404,60.8,38.7,-0.121,-0.28,slightly pop
Gearbox,GX2 Elongated,16,New,,$269.99,JOHNKEW,10%,$242.99,https://gearboxsports.com/collections/all-performance/products/gx2-elongated?rfsn=7659766.b5c963,USAP certified,1 year,Elongated,Gen-3,Thermoformed,Peel Ply-Coarse,Toray Carbon Fiber,Carbon fiber + EVA + expanding foam,,"2,067",-0.35,-3.64,1.65,62,Fair,Tier 4,16.61,7.36,5.5,7.9,118.8,0.64,-3.39,3.5,59,5.9,-1.01,-3.56,2.62,41,25,1.91,-3.21,3.54,75.78,25,-0.93,,,-2.75,2.75,,,,-2.75,2.75,,,,60,37.7,,,
Gearbox,GX2 Hyper,16,New,,$169.99,JOHNKEW,10%,$152.99,https://gearboxsports.com/products/gx2-hyper?rfsn=7659766.b5c963,USAP certified,1 year,Widebody,Gen-3,Thermoformed,Peel Ply-Coarse,Toray Carbon Fiber,Carbon fiber + EVA + expanding foam,64.61,"2,142",0.05,-3.64,1.65,70,Good,Tier 4,15.91,7.99,5.5,8.1,109.1,-0.98,-3.39,3.5,35,6.14,-0.56,-3.56,2.62,49,24.3,0.61,-3.21,3.54,56.56,81,1.12,59.75,-0.71,-2.75,2.75,37,38.18,-0.46,-2.75,2.75,42,39.400,0.386,59.9,38.2,-0.247,-0.57,slightly pop
Gearbox,GX2 Integra,16,New,,$169.99,JOHNKEW,10%,$152.99,https://gearboxsports.com/collections/all/products/gx2-integra-xl?rfsn=7659766.b5c963,USAP certified,1 year,Hybrid,Gen-3,Thermoformed,Peel Ply-Coarse,Toray Carbon Fiber,Carbon fiber + EVA + expanding foam,,"2,083",-0.27,-3.64,1.65,64,Fair,Tier 4,16.38,7.4,5.5,7.9,118.9,0.65,-3.39,3.5,59,5.82,-1.16,-3.56,2.62,39,24.9,1.72,-3.21,3.54,73.04,25,-0.93,59.88,-0.57,-2.75,2.75,40,37.94,-0.8,-2.75,2.75,35,37.600,0.385,60,38,0.231,0.53,slightly power
Gearbox,GX2 Power Elongated,16,New,10/20/2025,$169.99,JOHNKEW,10%,$152.99,https://gearboxsports.com/collections/power/products/gx2-power-elongated?rfsn=7659766.b5c963,USAP certified,1 year,Elongated,Gen-3,Thermoformed,Peel Ply-Coarse,Toray Carbon Fiber,Carbon fiber + EVA + expanding foam,56.61,"2,208",0.4,-3.64,1.65,76,Good,Tier 4,16.65,7.17,5.5,8,117.5,0.42,-3.39,3.5,55,6.23,-0.38,-3.56,2.62,51,24.7,1.35,-3.21,3.54,67.54,32,-0.66,60.58,0.16,-2.75,2.75,53,38.54,0.05,-2.75,2.75,51,51.900,0.4,60.5,39.3,0.115,0.27,slightly power
Gearbox,GX2 Power Hybrid,16,New,10/20/2025,$279.99,JOHNKEW,10%,$251.99,https://gearboxsports.com/collections/power/products/gx2-power-hybrid?rfsn=7659766.b5c963,USAP certified,1 year,Hybrid,Gen-3,Thermoformed,Peel Ply-Coarse,Toray Carbon Fiber,Carbon fiber + EVA + expanding foam,58.41,"2,289",0.83,-3.64,1.65,84,Good,Tier 4,16.14,7.76,5.5,8.1,113.4,-0.26,-3.39,3.5,45,6.67,0.45,-3.56,2.62,65,24.4,0.79,-3.21,3.54,59.31,58,0.27,60.8,0.4,-2.75,2.75,57,38.86,0.5,-2.75,2.75,59,58.100,0.407,60.5,39.6,-0.094,-0.22,balanced
Gearbox,Pro Power Elongated,14,Used-2 months,,$274.99,JOHNKEW,0%,$274.99,https://gearboxsports.com/?rfsn=7659766.b5c963,Sunset (no longer legal),1 year,Elongated,Gen-3,Thermoformed-edgeless,Peel Ply-Coarse,Toray Carbon Fiber,Carbon fiber + EVA + expanding foam,32.20,"2,062",-0.38,-3.64,1.65,62,Fair,Tier 4,16.5,7.38,5.5,8,120,0.84,-3.39,3.5,61,5.22,-2.31,-3.56,2.62,20,24.9,1.72,-3.21,3.54,73.04,21,-1.08,62.57,2.27,-2.75,2.75,91,39.48,1.37,-2.75,2.75,75,83.100,0.485,62.6,39.2,0.896,2.07,power-leaning
Gearbox,Pro Ultimate Elongated,16,New,,$274.99,JOHNKEW,0%,$274.99,https://gearboxsports.com/?rfsn=7659766.b5c963,USAP certified,1 year,Elongated,Gen-3,Thermoformed-edgeless,Peel Ply-Coarse,Toray Carbon Fiber,Carbon fiber + EVA + expanding foam,,"1,983",-0.8,-3.64,1.65,54,Fair,Tier 4,16.5,7.38,5.5,7.9,122.3,1.21,-3.39,3.5,67,5.43,-1.91,-3.56,2.62,27,25.6,3.02,-3.21,3.54,92.25,12,-1.39,,,-2.75,2.75,,,,-2.75,2.75,,,,60.6,37.5,,,
Gearbox,Pro Ultimate Hyper,16,New,,$274.99,JOHNKEW,0%,$274.99,https://gearboxsports.com/?rfsn=7659766.b5c963,USAP certified,1 year,Widebody,Gen-3,Thermoformed-edgeless,Peel Ply-Coarse,Toray Carbon Fiber,Carbon fiber + EVA + expanding foam,,"2,178",0.24,-3.64,1.65,73,Good,Tier 4,16,8,5.5,8,112.3,-0.44,-3.39,3.5,43,6.4,-0.06,-3.56,2.62,57,24.7,1.35,-3.21,3.54,67.54,64,0.49,,,-2.75,2.75,,,,-2.75,2.75,,,,60.6,37.6,,,
Gearbox,Pro Ultimate Power Elongated,14,New,,$274.99,JOHNKEW,$0,$274.99,https://gearboxsports.com/?rfsn=7659766.b5c963,USAP certified,1 year,Elongated,Gen-3,Thermoformed-edgeless,Peel Ply-Coarse,Toray Carbon Fiber,Carbon fiber + EVA + expanding foam,,"2,270",0.73,-3.64,1.65,83,Good,Tier 4,16.5,7.38,5.5,7.9,126.6,1.93,-3.39,3.5,77,5.54,-1.7,-3.56,2.62,30,26.1,3.94,-3.21,3.54,100,6,-1.61,,,-2.75,2.75,,,,-2.75,2.75,,,,59.9,38,,,
Gentle Booms Sports,GBS-001,11,New,,$49.99,JOHNKEW,10%,$44.99,https://gruvn.co/?sca_ref=4937714.X1H4Uman8f,USAP certified,1 year,Widebody,Gen-1,Cold Pressed,Grit,Aluminum,Aluminum Honeycomb,,"1,493",-3.4,-3.64,1.65,5,Poor,Tier 4,15.7,7.8,5,8.5,115,0,-3.39,3.5,49,6.65,0.41,-3.56,2.62,64,23.1,-1.62,-3.21,3.54,23.62,53,0.1,,,-2.75,2.75,,,,-2.75,2.75,,,,55.4,33.6,,,
Gherkin,Draco Elongated,16,New,6/10/2026,$179.99,JOHNKEW,10%,$161.99,https://www.gherkinusa.com/products/draco-e?sca_ref=10051505.1mdqlhmR9j,USAP certified,Lifetime,Elongated,Gen-4,Thermoformed,Peel Ply-Coarse,"CFC (carbon, fiberglass, carbon)",Full Foam (MPP + EVA + expanding foam),39.65,"2,302",0.9,-3.64,1.65,86,Elite,Tier 4,16.5,7.56,5.71,7.7,113.1,-0.31,-3.39,3.5,45,6.33,-0.19,-3.56,2.62,54,23.9,-0.13,-3.21,3.54,45.58,62,0.42,62.21,1.89,-2.75,2.75,84,39.68,1.66,-2.75,2.75,80,82.200,0.455,62.2,39,0.233,0.54,slightly power
Gherkin,Draco Hybrid,16,New,1/13/2026,$179.99,JOHNKEW,10%,$161.99,https://www.gherkinusa.com/products/draco?sca_ref=10051505.1mdqlhmR9j,USAP certified,Lifetime,Hybrid,Gen-4,Thermoformed,Peel Ply-Coarse,"CFC (carbon, fiberglass, carbon)",Full Foam-Nanocellular Polymer,41.65,"2,260",0.67,-3.64,1.65,82,Good,Tier 4,16.3,7.8,5.63,8,113.6,-0.22,-3.39,3.5,46,6.83,0.76,-3.56,2.62,70,23.6,-0.69,-3.21,3.54,37.34,59,0.31,61.99,1.65,-2.75,2.75,80,39.56,1.49,-2.75,2.75,77,78.500,0.442,61.8,39.3,0.168,0.39,slightly power
Gherkin,Draco Widebody,16,New,6/10/2026,$179.99,JOHNKEW,10%,$161.99,https://www.gherkinusa.com/products/draco-w?sca_ref=10051505.1mdqlhmR9j,USAP certified,Lifetime,Widebody,Gen-4,Thermoformed,Peel Ply-Coarse,"CFC (carbon, fiberglass, carbon)",Full Foam (MPP + EVA + expanding foam),41.78,"2,246",0.6,-3.64,1.65,80,Good,Tier 4,16.02,8.03,5.71,7.7,107.4,-1.26,-3.39,3.5,31,6.96,1,-3.56,2.62,74,23.6,-0.69,-3.21,3.54,37.34,88,1.37,61.97,1.63,-2.75,2.75,80,39.83,1.87,-2.75,2.75,84,81.900,0.451,62,39.2,-0.24,-0.56,slightly pop
Gherkin,Wraith Hybrid,16,New,,$135.00,JOHNKEW,10%,$121.50,https://www.gherkinusa.com/products/wraith?sca_ref=10051505.1mdqlhmR9j,USAP certified,Lifetime,Hybrid,Gen-3,Thermoformed,Peel Ply-Coarse,Carbon Fiber,Wide cell polypropylene + EVA + expanding foam,51.13,"2,101",-0.17,-3.64,1.65,66,Good,Tier 4,16.22,7.56,5.39,8,110.6,-0.74,-3.39,3.5,39,6.12,-0.59,-3.56,2.62,48,23.5,-0.87,-3.21,3.54,34.6,78,1.03,60.43,0.01,-2.75,2.75,50,38.55,0.06,-2.75,2.75,51,50.600,0.397,60.5,38.6,-0.05,-0.12,balanced
Godfather,Smokeshow Elongated,14,New,1/15/2026,$249.00,JOHNKEW,10%,$224.10,https://godfatherpickleball.com/products/the-smokeshow-godfather-pickleball,USAP Certified,Lifetime,Elongated,Gen-3,Thermoformed,Peel Ply-Coarse,T700 Carbon Fiber,Honeycomb Polypropylene + EVA,63.71,"2,092",-0.22,-3.64,1.65,65,Fair,Tier 4,16.5,7.48,5.63,7.9,115.2,0.03,-3.39,3.5,50,5.93,-0.96,-3.56,2.62,42,23.9,-0.13,-3.21,3.54,45.58,50,0,59.29,-1.19,-2.75,2.75,28,37.8,-1,-2.75,2.75,32,30.100,0.376,58.8,38.1,-0.198,-0.46,slightly pop
Godfather,The Boss Widebody,14,New,1/15/2026,$249.00,JOHNKEW,10%,$224.10,https://godfatherpickleball.com/products/the-boss-paddle-godfather-pickleball,USAP Certified,Lifetime,Widebody,Gen-3,Thermoformed,Peel Ply-Coarse,T700 Carbon Fiber,Honeycomb Polypropylene + EVA,,"2,139",0.03,-3.64,1.65,69,Good,Tier 4,16.02,8.07,5.28,8,112.9,-0.35,-3.39,3.5,44,7.03,1.14,-3.56,2.62,76,23.2,-1.43,-3.21,3.54,26.36,64,0.49,60.35,-0.07,-2.75,2.75,49,38.76,0.35,-2.75,2.75,56,52.600,0.398,59.8,38.5,-0.423,-0.98,pop-leaning
GRUVN,CRUZ-16S,16,New,,$129.00,JOHNKEW,10%,$116.10,https://gruvn.co?sca_ref=4937714.X1H4Uman8f,USAP certified,6 months,Widebody,Gen-2,Thermoformed,Peel Ply-Coarse,T700 Carbon Fiber,Honeycomb polypropylene + expanding foam,,"2,084",-0.26,-3.64,1.65,64,Fair,Tier 4,15.7,8.1,5.4,8.3,113,-0.34,-3.39,3.5,44,7.45,1.93,-3.56,2.62,89,23.6,-0.69,-3.21,3.54,37.34,62,0.44,,,-2.75,2.75,,,,-2.75,2.75,,,,57.8,36.6,,,
GRUVN,LAZR-16HD Solid Foam,16,New,,$179.00,JOHNKEW,10%,$161.10,https://gruvn.co/collections/solid-foam-pickleball-paddles?sca_ref=4937714.X1H4Uman8f,USAP certified (.44 PBCOR),6 months,Hybrid,Gen-4,Thermoformed,Peel Ply-Coarse,Kevlar & Carbon Fiber,Full Foam (EPP + EVA + expanding foam),,"2,104",-0.16,-3.64,1.65,66,Good,Tier 4,16.14,7.86,5.5,8.1,115.4,0.06,-3.39,3.5,50,6.72,0.55,-3.56,2.62,66,24.1,0.24,-3.21,3.54,51.07,46,-0.16,61.37,1,-2.75,2.75,68,39.16,0.92,-2.75,2.75,67,67.500,0.42,61.4,39.1,0.077,0.18,balanced
GRUVN,MUVN-13X,13,New,,$159.00,JOHNKEW,10%,$143.10,https://gruvn.co?sca_ref=4937714.X1H4Uman8f,USAP certified,6 months,Elongated,Gen-2,Thermoformed,Peel Ply-Coarse,T700 Carbon Fiber,Honeycomb polypropylene + expanding foam,,"1,975",-0.84,-3.64,1.65,53,Fair,Tier 4,16.5,7.38,5.5,7.8,114,-0.16,-3.39,3.5,47,5.93,-0.96,-3.56,2.62,42,23.9,-0.13,-3.21,3.54,45.58,59,0.31,,,-2.75,2.75,,,,-2.75,2.75,,,,58.9,36.8,,,
GRUVN,MUVN-16HD,16,New,12/16/2025,$169.00,JOHNKEW,10%,$152.10,https://gruvn.co/products/muvn-16hd-full-foam-mint-black-2?sca_ref=4937714.X1H4Uman8f,USAP certified,6 months,Hybrid,Gen-4,Thermoformed,Peel Ply-Coarse,T700 Carbon Fiber,Dual Density Full Foam,63.15,"2,063",-0.37,-3.64,1.65,62,Fair,Tier 4,16.22,7.83,5.47,8.1,115.8,0.14,-3.39,3.5,51,6.79,0.68,-3.56,2.62,69,24.2,0.42,-3.21,3.54,53.82,43,-0.29,60.17,-0.27,-2.75,2.75,45,38.31,-0.28,-2.75,2.75,45,45.000,0.391,59.9,38.4,0.015,0.03,balanced
GRUVN,MUVN-16X,16,New,,$159.00,JOHNKEW,10%,$143.10,https://gruvn.co?sca_ref=4937714.X1H4Uman8f,USAP certified,6 months,Elongated,Gen-2,Thermoformed,Peel Ply-Fine,T700 Carbon Fiber,Honeycomb polypropylene + expanding foam,,"2,013",-0.64,-3.64,1.65,57,Fair,Tier 4,16.5,7.38,5.5,8.2,116.7,0.29,-3.39,3.5,53,6.3,-0.25,-3.56,2.62,54,23.7,-0.5,-3.21,3.54,40.09,42,-0.32,,,-2.75,2.75,,,,-2.75,2.75,,,,57.8,36.1,,,
GRUVN,Raw-16H,16,New,,$139.00,JOHNKEW,10%,$125.10,https://gruvn.co?sca_ref=4937714.X1H4Uman8f,USAP certified,3 months,Elongated,Gen-1,Cold Pressed,Peel Ply-Coarse,T700 Carbon Fiber,Honeycomb polypropylene,,"2,166",0.17,-3.64,1.65,72,Good,Tier 4,16.5,7.38,5.88,7.7,121,1,-3.39,3.5,64,5.74,-1.32,-3.56,2.62,36,25,1.91,-3.21,3.54,75.78,18,-1.19,57.9,-2.66,-2.75,2.75,2,36.36,-3.03,-2.75,2.75,0,0.000,0.352,56.5,36,0.374,0.87,power-leaning
Head,Boom Pro EX15,15,New,7/2/2026,$199.95,JOHNKEW,10%,$179.96,https://www.awin1.com/cread.php?awinmid=27978&awinaffid=2803100&ued=https%3A%2F%2Fwww.head.com%2Fen_US%2Fproduct%2Fboom-pro-ex15-2026-200506,USAP certified,1 year,Elongated,Gen-4,Thermoformed,Peel Ply-Coarse,Carbon fiber,Full Foam (EPP + EVA + expanding foam),47.29,"2,298",0.88,-3.64,1.65,85,Good,Tier 4,16.5,7.4,5.51,8.2,113.6,-0.23,-3.39,3.5,46,6.19,-0.46,-3.56,2.62,50,23.4,-1.06,-3.21,3.54,31.85,61,0.41,61.29,0.92,-2.75,2.75,67,39.1,0.84,-2.75,2.75,65,66.000,0.417,61,39,0.072,0.17,balanced
Head,Radical PRO EX-15,15,New,2/16/2026,$199.95,JOHNKEW,15%,$169.96,https://www.head.com/en_US/product/radical-pro15-2026-200145,USAP certified,1 year,Elongated,Gen-3,Thermoformed,Peel Ply-Coarse,T700 Carbon Fiber,Dual Density- Polypropylene Honeycomb + EPP (EVA border),63.84,"1,889",-1.3,-3.64,1.65,44,Poor,Tier 4,16.5,7.44,5.51,8.4,117.9,0.48,-3.39,3.5,56,6.32,-0.21,-3.56,2.62,54,23.5,-0.87,-3.21,3.54,34.6,34,-0.61,60.26,-0.17,-2.75,2.75,47,38.18,-0.47,-2.75,2.75,42,44.200,0.39,59.6,38.8,0.293,0.68,slightly power
Holbrook,Arma Metallic-S,14,New,,$279.99,JOHNKEW,15%,$237.99,https://holbrookpickleball.com?sca_ref=7206760.3ROMmxuH3o&utm_source=7206760&utm_medium=john-williams&utm_campaign=172645&utm_term=Youtubers-/-Large-influencers-(10-discount-15-kickback),USAP certified,1 year,Widebody,Gen-3,Thermoformed,Peel Ply-Coarse,Carbon Fiber & PET Electroplated Fiber,Honeycomb polypropylene + EVA + expanding foam,,"2,106",-0.14,-3.64,1.65,66,Good,Tier 4,16.06,7.99,5.25,8.2,115.7,0.12,-3.39,3.5,51,7.33,1.71,-3.56,2.62,85,23.9,-0.13,-3.21,3.54,45.58,44,-0.22,,,-2.75,2.75,,,,-2.75,2.75,,,,60.4,37.8,,,
Holbrook,Arma Metallic-T,14,New,,$279.99,JOHNKEW,15%,$237.99,https://holbrookpickleball.com?sca_ref=7206760.3ROMmxuH3o&utm_source=7206760&utm_medium=john-williams&utm_campaign=172645&utm_term=Youtubers-/-Large-influencers-(10-discount-15-kickback),USAP certified,1 year,Elongated,Gen-3,Thermoformed,Peel Ply-Coarse,Carbon Fiber & PET Electroplated Fiber,Honeycomb polypropylene + EVA + expanding foam,,"2,133",0,-3.64,1.65,69,Good,Tier 4,16.42,7.56,5.5,8,118.2,0.53,-3.39,3.5,57,6.15,-0.54,-3.56,2.62,49,24.2,0.42,-3.21,3.54,53.82,29,-0.77,,,-2.75,2.75,,,,-2.75,2.75,,,,62.2,38.3,,,
Holbrook,Arma S,14,New,,$259.99,JOHNKEW,15%,$220.99,https://holbrookpickleball.com?sca_ref=7206760.3ROMmxuH3o&utm_source=7206760&utm_medium=john-williams&utm_campaign=172645&utm_term=Youtubers-/-Large-influencers-(10-discount-15-kickback),USAP certified,1 year,Widebody,Gen-3,Thermoformed,Peel Ply-Coarse,Carbon Fiber,Honeycomb polypropylene + EVA + expanding foam,,"2,156",0.12,-3.64,1.65,71,Good,Tier 4,16.02,7.99,5.25,8.1,114.1,-0.15,-3.39,3.5,47,7.32,1.69,-3.56,2.62,85,23.9,-0.13,-3.21,3.54,45.58,55,0.16,,,-2.75,2.75,,,,-2.75,2.75,,,,62.5,39.3,,,
Holbrook,Arma T,14,New,,$259.99,JOHNKEW,15%,$220.99,https://holbrookpickleball.com?sca_ref=7206760.3ROMmxuH3o&utm_source=7206760&utm_medium=john-williams&utm_campaign=172645&utm_term=Youtubers-/-Large-influencers-(10-discount-15-kickback),USAP certified,1 year,Elongated,Gen-3,Thermoformed,Peel Ply-Coarse,Carbon Fiber,Honeycomb polypropylene + EVA + expanding foam,72.36,"2,114",-0.1,-3.64,1.65,67,Good,Tier 4,16.5,7.48,5.5,8,119.4,0.73,-3.39,3.5,60,6.46,0.05,-3.56,2.62,58,24.4,0.79,-3.21,3.54,59.31,22,-1.04,60.91,0.52,-2.75,2.75,59,38.94,0.62,-2.75,2.75,61,60.300,0.409,62.17,39,-0.098,-0.23,balanced
Holbrook,Fuze Elongated,16,New,12/4/2025,$229.99,JOHNKEW,15%,$195.49,https://holbrookpickleball.com/?sca_ref=7206760.3ROMmxuH3o&utm_source=7206760&utm_medium=john-williams&utm_campaign=172645&utm_term=Youtubers-/-Large-influencers-(10-discount-15-kickback),USAP certified,1 year,Elongated,Gen-4,Thermoformed,Peel Ply-Coarse,Carbon Fiber,Full Foam (EPP + EVA + expanding foam),37.20,"1,986",-0.78,-3.64,1.65,54,Fair,Tier 4,16.54,7.6,5.63,7.9,117.7,0.45,-3.39,3.5,56,6.34,-0.18,-3.56,2.62,55,24.5,0.98,-3.21,3.54,62.05,30,-0.73,60.91,0.52,-2.75,2.75,59,38.78,0.39,-2.75,2.75,57,58.200,0.407,60.7,38.1,0.129,0.3,slightly power
Holbrook,Fuze Hybrid,16,New,12/4/2025,$229.99,JOHNKEW,15%,$195.49,https://holbrookpickleball.com/?sca_ref=7206760.3ROMmxuH3o&utm_source=7206760&utm_medium=john-williams&utm_campaign=172645&utm_term=Youtubers-/-Large-influencers-(10-discount-15-kickback),USAP certified,1 year,Hybrid,Gen-4,Thermoformed,Peel Ply-Coarse,Carbon Fiber,Full Foam (EPP + EVA + expanding foam),43.30,"2,056",-0.41,-3.64,1.65,61,Fair,Tier 4,16.34,7.8,5.63,7.9,113.2,-0.3,-3.39,3.5,45,6.38,-0.1,-3.56,2.62,56,24.1,0.24,-3.21,3.54,51.07,60,0.37,60.65,0.24,-2.75,2.75,54,38.75,0.34,-2.75,2.75,56,55.300,0.403,60.8,38.5,-0.104,-0.24,balanced
Holbrook,Pro - Aero Metallic T,16,New,,$219.99,JOHNKEW,15%,$186.99,https://holbrookpickleball.com/?sca_ref=7206760.3ROMmxuH3o&utm_source=7206760&utm_medium=john-williams&utm_campaign=172645&utm_term=Youtubers-/-Large-influencers-(10-discount-15-kickback),USAP certified,1 year,Elongated,Gen-2,Thermoformed-edgeless,Peel Ply-Coarse,Carbon Fiber & PET Electroplated Fiber,Honeycomb polypropylene + expanding foam,,"1,941",-1.02,-3.64,1.65,50,Fair,Tier 4,16.46,7.52,5.5,8.1,120.7,0.95,-3.39,3.5,63,5.86,-1.09,-3.56,2.62,40,24.2,0.42,-3.21,3.54,53.82,21,-1.08,59.19,-1.3,-2.75,2.75,26,37.22,-1.82,-2.75,2.75,17,21.600,0.37,59.2,37.1,0.519,1.2,power-leaning
Honolulu Pickleball Co.,J2CR Long Handle Blue Grit,16,New,5/29/2026,$195.00,JOHNKEW,10%,$175.50,https://808pickle.com/products/j2cr-crystal-blue-endurance-surface%E2%84%A2-pre-order?variant=51746641477952?sca_ref=4978161.g3fNpksoBn,UPA-A certified,1 year,Hybrid,Gen-4,Thermoformed,Grit-infused peel ply,Toray Carbon Fiber,Full Foam (EPP + EVA + expanding foam),43.16,"2,424",1.54,-3.64,1.65,98,Elite,Tier 1,16.22,7.76,5.83,8,108.9,-1.01,-3.39,3.5,35,6.46,0.05,-3.56,2.62,58,23.1,-1.62,-3.21,3.54,23.62,84,1.24,61.21,0.83,-2.75,2.75,65,39.16,0.93,-2.75,2.75,67,66.000,0.417,60.8,39.2,-0.094,-0.22,balanced
Honolulu Pickleball Co.,J2FC+,16,New,,$195.00,JOHNKEW,10%,$175.50,https://808pickle.com/products/sword-shield-j2fc-plus?sca_ref=4978161.g3fNpksoBn,USAP certified,1 year,Hybrid,Gen-4,Thermoformed,Peel Ply-Coarse,Toray Carbon Fiber,Full Foam (EPP + EVA + expanding foam),60.22,"2,234",0.54,-3.64,1.65,79,Good,Tier 4,16.18,7.76,5.3,8.1,111.1,-0.65,-3.39,3.5,40,6.8,0.7,-3.56,2.62,69,23.9,-0.13,-3.21,3.54,45.58,72,0.79,60.08,-0.35,-2.75,2.75,44,38.4,-0.15,-2.75,2.75,47,45.500,0.391,60.3,38.2,-0.209,-0.48,slightly pop
Honolulu Pickleball Co.,J2K,16,New,,$155.00,JOHNKEW-KEVLAR,$20,$135.00,https://808pickle.com/?sca_ref=4978161.g3fNpksoBn,USAP certified,1 year,Hybrid,Gen-2,Thermoformed,Peel Ply-Coarse,Dupont Kevlar,Honeycomb polypropylene + expanding foam,71.01,"2,101",-0.17,-3.64,1.65,66,Good,Tier 4,16.2,7.8,5.3,8.2,115.4,0.08,-3.39,3.5,50,7,1.08,-3.56,2.62,75,23.7,-0.5,-3.21,3.54,40.09,47,-0.12,59.34,-1.14,-2.75,2.75,29,37.66,-1.19,-2.75,2.75,28,28.800,0.375,59.3,37.7,0.056,0.13,balanced
Honolulu Pickleball Co.,J2K Pro,16,New,,$165.00,JOHNKEW-KEVLAR,$20,$145.00,https://808pickle.com?sca_ref=4978161.g3fNpksoBn,USAP certified,1 year,Hybrid,Gen-2,Thermoformed,Peel Ply-Coarse,Dupont Kevlar,Honeycomb polypropylene + expanding foam,,"2,044",-0.47,-3.64,1.65,60,Fair,Tier 4,16.2,7.8,5.3,7.9,110,-0.84,-3.39,3.5,37,6.84,0.77,-3.56,2.62,70,23.4,-1.06,-3.21,3.54,31.85,79,1.05,,,-2.75,2.75,,,,-2.75,2.75,,,,59.1,37.8,,,
Honolulu Pickleball Co.,J2K+,16,New,,$165.00,JOHNKEW-KEVLAR,$20,$145.00,https://808pickle.com?sca_ref=4978161.g3fNpksoBn,USAP certified,1 year,Hybrid,Gen-3,Thermoformed,Peel Ply-Coarse,Dupont Kevlar,Honeycomb polypropylene + EVA + expanding foam,,"2,116",-0.09,-3.64,1.65,67,Good,Tier 4,16.2,7.8,5.3,8.3,115.1,0.02,-3.39,3.5,49,7.21,1.48,-3.56,2.62,82,23.8,-0.32,-3.21,3.54,42.83,49,-0.03,60.47,0.06,-2.75,2.75,51,38.55,0.06,-2.75,2.75,51,51.100,0.398,60,38.6,-0.005,-0.01,balanced
Honolulu Pickleball Co.,J2NF,16,New,12/4/2025,$195.00,JOHNKEW,10%,$175.50,file:///C:/Users/rchoe/Downloads/•https:/808pickle.com/products/sword-shield-j2fc-beta-pre-order-copy%3fsca_ref=4978161.g3fNpksoBn,USAP certified,1 year,Hybrid,Gen-4,Thermoformed,Peel Ply-Coarse,Toray Carbon Fiber,Full Foam (EPP + EVA + expanding foam),48.83,"2,221",0.47,-3.64,1.65,78,Good,Tier 4,16.18,7.76,5.3,8,112.3,-0.45,-3.39,3.5,43,6.85,0.79,-3.56,2.62,70,23.7,-0.5,-3.21,3.54,40.09,67,0.6,60.29,-0.14,-2.75,2.75,48,38.53,0.03,-2.75,2.75,51,49.000,0.395,60.3,38.3,-0.166,-0.39,slightly pop
Honolulu Pickleball Co.,J2NF Long Handle,16,New,12/4/2025,$195.00,JOHNKEW,10%,$175.50,file:///C:/Users/rchoe/Downloads/•https:/808pickle.com/products/sword-shield-j2fc-beta-pre-order-copy%3fsca_ref=4978161.g3fNpksoBn,USAP certified,1 year,Hybrid,Gen-4,Thermoformed,Peel Ply-Coarse,Toray Carbon Fiber,Full Foam (EPP + EVA + expanding foam),50.78,"2,191",0.31,-3.64,1.65,75,Good,Tier 4,16.18,7.72,5.94,8,109.2,-0.96,-3.39,3.5,35,6.47,0.07,-3.56,2.62,59,23.3,-1.25,-3.21,3.54,29.11,82,1.18,60.29,-0.13,-2.75,2.75,48,38.53,0.04,-2.75,2.75,51,49.100,0.395,60.8,38.38,-0.17,-0.39,slightly pop
Honolulu Pickleball Co.,J2NFK,16,New,12/4/2025,$195.00,JOHNKEW-KEVLAR,$20,$175.00,file:///C:/Users/rchoe/Downloads/•https:/808pickle.com/products/sword-shield-j2nfk-pre-order%3fsca_ref=4978161.g3fNpksoBn,USAP certified,1 year,Hybrid,Gen-4,Thermoformed,Peel Ply-Coarse,Dupont Kevlar,Full Foam (EPP + EVA + expanding foam),56.27,"2,209",0.4,-3.64,1.65,76,Good,Tier 4,16.18,7.76,5.3,8.1,112.7,-0.38,-3.39,3.5,44,6.88,0.85,-3.56,2.62,71,23.7,-0.5,-3.21,3.54,40.09,64,0.49,59.52,-0.96,-2.75,2.75,33,37.89,-0.87,-2.75,2.75,34,33.400,0.379,59.4,38.3,-0.086,-0.2,balanced
Honolulu Pickleball Co.,J2Ti,16,New,,$155.00,JOHNKEW,10%,$139.50,https://808pickle.com?sca_ref=4978161.g3fNpksoBn,USAP certified,1 year,Hybrid,Gen-2,Thermoformed,Peel Ply-Coarse,Carbon Fiber & PET Electroplated Fiber,Honeycomb polypropylene + expanding foam,,"2,111",-0.12,-3.64,1.65,67,Good,Tier 4,16.2,7.8,5.3,8.1,112.7,-0.38,-3.39,3.5,44,6.9,0.89,-3.56,2.62,72,23.7,-0.5,-3.21,3.54,40.09,64,0.5,,,-2.75,2.75,,,,-2.75,2.75,,,,59.3,37.3,,,
Honolulu Pickleball Co.,J2Ti+,16,New,,$165.00,JOHNKEW,10%,$148.50,https://808pickle.com?sca_ref=4978161.g3fNpksoBn,USAP certified,1 year,Hybrid,Gen-3,Thermoformed,Peel Ply-Coarse,Dupont Kevlar,Honeycomb polypropylene + EVA + expanding foam,,"2,137",0.02,-3.64,1.65,69,Good,Tier 4,16.2,7.8,5.3,8.3,117.8,0.46,-3.39,3.5,56,7.22,1.5,-3.56,2.62,82,23.9,-0.13,-3.21,3.54,45.58,30,-0.74,,,-2.75,2.75,,,,-2.75,2.75,,,,59.4,38.1,,,
Honolulu Pickleball Co.,J3CR Blue Grit,16,New,7/31/2026,$195.00,JOHNKEW,10%,$175.50,https://808pickle.com/products/j3cr-crystal-blue%E2%84%A2-endurance-surface%E2%84%A2?sca_ref=4978161.g3fNpksoBn,UPA-A Certified,1 year,Widebody,Gen-4,Thermoformed,Grit-infused peel ply,T700 Carbon Fiber,Full Foam (EPP + EVA + expanding foam),46.04,"2,417",1.51,-3.64,1.65,97,Elite,Tier 1,16,8,5.59,8,109.6,-0.9,-3.39,3.5,36,6.43,0,-3.56,2.62,58,22.7,-2.36,-3.21,3.54,12.63,82,1.16,61.21,0.84,-2.75,2.75,65,39.09,0.83,-2.75,2.75,65,65.100,0.416,60.7,39.3,0.009,0.02,balanced
Honolulu Pickleball Co.,J3K,16,New,,$165.00,JOHNKEW-KEVLAR,$20,$145.00,https://808pickle.com?sca_ref=4978161.g3fNpksoBn,USAP certified,1 year,Widebody,Gen-2,Thermoformed,Peel Ply-Coarse,Dupont Kevlar,Honeycomb polypropylene + expanding foam,,"1,959",-0.93,-3.64,1.65,51,Fair,Tier 4,16,8,6,8.2,115.9,0.16,-3.39,3.5,51,7.23,1.52,-3.56,2.62,82,23.9,-0.13,-3.21,3.54,45.58,43,-0.27,,,-2.75,2.75,,,,-2.75,2.75,,,,58.5,38.1,,,
Honolulu Pickleball Co.,J3K Pro,16,New,,$165.00,JOHNKEW-KEVLAR,$20,$145.00,https://808pickle.com?sca_ref=4978161.g3fNpksoBn,USAP certified,1 year,Widebody,Gen-2,Thermoformed,Peel Ply-Coarse,Dupont Kevlar,Honeycomb polypropylene + expanding foam,,"1,973",-0.85,-3.64,1.65,53,Fair,Tier 4,16,8,6,8.1,111.6,-0.56,-3.39,3.5,41,7.05,1.17,-3.56,2.62,77,23.5,-0.87,-3.21,3.54,34.6,71,0.77,,,-2.75,2.75,,,,-2.75,2.75,,,,58.3,37.8,,,
Honolulu Pickleball Co.,J3NF,16,New,12/4/2025,$195.00,JOHNKEW,10%,$175.50,https://808pickle.com/products/sword-shield-j3nf-pre-order?sca_ref=4978161.g3fNpksoBn,USAP certified,1 year,Widebody,Gen-4,Thermoformed,Peel Ply-Coarse,Toray Carbon Fiber,Full Foam (EPP + EVA + expanding foam),55.03,"2,136",0.01,-3.64,1.65,69,Good,Tier 4,16.06,7.95,5.63,8,109.8,-0.87,-3.39,3.5,37,6.81,0.72,-3.56,2.62,69,23.7,-0.5,-3.21,3.54,40.09,78,1.03,59.93,-0.52,-2.75,2.75,41,38.35,-0.22,-2.75,2.75,46,43.200,0.389,60.16,38.38,-0.298,-0.69,slightly pop
Honolulu Pickleball Co.,J6CR,16,New,12/20/2025,$195.00,JOHNKEW,10%,$175.50,https://808pickle.com/products/j6cr?sca_ref=4978161.g3fNpksoBn,USAP certified,1 year,Elongated,Gen-4,Thermoformed,Peel Ply-Coarse,Toray Carbon Fiber,Full Foam (EPP + EVA + expanding foam),,"2,232",0.52,-3.64,1.65,79,Good,Tier 4,16.46,7.52,5.8,8,112.5,-0.42,-3.39,3.5,43,6.38,-0.1,-3.56,2.62,56,23.5,-0.87,-3.21,3.54,34.6,67,0.62,61.12,0.74,-2.75,2.75,63,39,0.7,-2.75,2.75,63,63.000,0.413,60.9,39,0.04,0.09,balanced
Honolulu Pickleball Co.,J6CR Blue Grit,16,New,5/29/2026,$195.00,JOHNKEW,10%,$175.50,https://808pickle.com/products/j6cr-crystal-blue-endurance-surface%E2%84%A2-pre-order?sca_ref=4978161.g3fNpksoBn,UPA-A certified,1 year,Elongated,Gen-4,Thermoformed,Grit-infused peel ply,Toray Carbon Fiber,Full Foam (EPP + EVA + expanding foam),42.40,"2,407",1.45,-3.64,1.65,96,Elite,Tier 1,16.48,7.52,5.71,8.1,113.9,-0.18,-3.39,3.5,47,6.28,-0.29,-3.56,2.62,53,23.2,-1.43,-3.21,3.54,26.36,60,0.37,61,0.61,-2.75,2.75,61,38.79,0.4,-2.75,2.75,57,59.200,0.408,60.9,39,0.214,0.5,slightly power
Honolulu Pickleball Co.,J6FC+,16,New,7/31/2026,$195.00,JOHNKEW,10%,$175.50,https://808pickle.com/collections/honolulu-foam/products/j6fc-pre-order?sca_ref=4978161.g3fNpksoBn,USAP Certified,1 year,Elongated,Gen-4,Thermoformed,Peel Ply-Coarse,T700 Carbon Fiber,Full Foam (EPP + EVA + expanding foam),61.05,"2,256",0.65,-3.64,1.65,81,Good,Tier 4,16.48,7.52,5.67,8.1,119.7,0.78,-3.39,3.5,61,6.82,0.74,-3.56,2.62,70,24,0.05,-3.21,3.54,48.33,21,-1.07,60.22,-0.21,-2.75,2.75,46,38.17,-0.47,-2.75,2.75,41,43.800,0.39,60.4,38.2,0.259,0.6,slightly power
Honolulu Pickleball Co.,J6NF,16,New,12/20/2025,$195.00,JOHNKEW,10%,$175.50,https://808pickle.com/products/j6nf-pre-order?sca_ref=4978161.g3fNpksoBn,USAP certified,1 year,Elongated,Gen-4,Thermoformed,Peel Ply-Coarse,Toray Carbon Fiber,Full Foam (EPP + EVA + expanding foam),50.94,"2,271",0.73,-3.64,1.65,83,Good,Tier 4,16.46,7.52,5.8,8.2,119,0.67,-3.39,3.5,59,6.78,0.66,-3.56,2.62,68,24.1,0.24,-3.21,3.54,51.07,25,-0.94,60.95,0.55,-2.75,2.75,60,38.72,0.3,-2.75,2.75,55,57.800,0.407,60.5,38.4,0.253,0.58,slightly power
Honolulu Pickleball Co.,J7K Pro,16,New,,$165.00,JOHNKEW-KEVLAR,$20,$145.00,https://808pickle.com?sca_ref=4978161.g3fNpksoBn,USAP certified,1 year,Elongated,Gen-2,Thermoformed,Peel Ply-Coarse,Dupont Kevlar,Honeycomb polypropylene + expanding foam,,"2,285",0.81,-3.64,1.65,84,Good,Tier 4,16.6,7.3,5.5,8,116.9,0.32,-3.39,3.5,54,6.14,-0.56,-3.56,2.62,49,23.9,-0.13,-3.21,3.54,45.58,40,-0.37,,,-2.75,2.75,,,,-2.75,2.75,,,,59.5,36.9,,,
Honolulu Pickleball Co.,J7NF,16,New,12/20/2025,$195.00,JOHNKEW,10%,$175.50,https://808pickle.com/products/sword-shield-j7nf-pre-order?sca_ref=4978161.g3fNpksoBn,USAP certified,1 year,Elongated,Gen-4,Thermoformed,Peel Ply-Coarse,Toray Carbon Fiber,Full Foam (EPP + EVA + expanding foam),53.29,"2,138",0.03,-3.64,1.65,69,Good,Tier 4,16.61,7.32,5.55,8,113.9,-0.18,-3.39,3.5,47,5.81,-1.18,-3.56,2.62,38,24,0.05,-3.21,3.54,48.33,59,0.31,59.97,-0.47,-2.75,2.75,41,38.09,-0.59,-2.75,2.75,39,40.300,0.387,60.64,38.3,0.115,0.27,slightly power
Honolulu Pickleball Co.,Sword & Shield-J1,16,New,,$166.50,JOHNKEW,10%,$149.85,https://808pickle.com?sca_ref=4978161.g3fNpksoBn,USAP certified,6 months,Elongated,Gen-2,Thermoformed,Peel Ply-Coarse,Toray Carbon Fiber,Honeycomb polypropylene + expanding foam,,"1,880",-1.34,-3.64,1.65,43,Poor,Tier 4,16.5,7.5,5.75,8.8,127.8,2.14,-3.39,3.5,80,6.9,0.89,-3.56,2.62,72,24.1,0.24,-3.21,3.54,51.07,5,-1.65,,,-2.75,2.75,,,,-2.75,2.75,,,,58.4,36.2,,,
Honolulu Pickleball Co.,Sword & Shield-J1H,16,New,,$166.50,JOHNKEW,10%,$149.85,https://808pickle.com?sca_ref=4978161.g3fNpksoBn,USAP certified,6 months,Elongated,Gen-2,Thermoformed,Peel Ply-Coarse,Toray Carbon Fiber,Honeycomb polypropylene + expanding foam,,"2,032",-0.54,-3.64,1.65,59,Fair,Tier 4,16.5,7.5,5.75,8.7,129.9,2.48,-3.39,3.5,85,6.8,0.7,-3.56,2.62,69,24,0.05,-3.21,3.54,48.33,5,-1.68,,,-2.75,2.75,,,,-2.75,2.75,,,,60.4,36.5,,,
Honolulu Pickleball Co.,Sword & Shield-J2,16,New,,$145.00,JOHNKEW,10%,$130.50,https://808pickle.com?sca_ref=4978161.g3fNpksoBn,USAP certified,6 months,Hybrid,Gen-2,Thermoformed,Peel Ply-Coarse,Toray Carbon Fiber,Honeycomb polypropylene + expanding foam,,"1,714",-2.23,-3.64,1.65,27,Poor,Tier 4,16.2,7.8,5.5,8,117.7,0.45,-3.39,3.5,56,6.55,0.22,-3.56,2.62,61,24,0.05,-3.21,3.54,48.33,32,-0.67,,,-2.75,2.75,,,,-2.75,2.75,,,,59.3,36.5,,,
Honolulu Pickleball Co.,Sword & Shield-J3,16,New,,$130.50,JOHNKEW,10%,$117.45,https://808pickle.com?sca_ref=4978161.g3fNpksoBn,USAP certified,6 months,Widebody,Gen-2,Thermoformed,Peel Ply-Coarse,Toray Carbon Fiber,Honeycomb polypropylene + expanding foam,,"1,778",-1.89,-3.64,1.65,33,Poor,Tier 4,16,8,6,8,111.4,-0.6,-3.39,3.5,40,7,1.08,-3.56,2.62,75,23.6,-0.69,-3.21,3.54,37.34,72,0.79,,,-2.75,2.75,,,,-2.75,2.75,,,,58.6,36.4,,,
Honolulu Pickleball Co.,Sword & Shield-J5,16,New,,$166.50,JOHNKEW,10%,$149.85,https://808pickle.com?sca_ref=4978161.g3fNpksoBn,USAP certified,6 months,Elongated,Gen-2,Thermoformed,Peel Ply-Coarse,Toray Carbon Fiber,Honeycomb polypropylene + expanding foam,,"2,067",-0.35,-3.64,1.65,62,Fair,Tier 4,17,7,5.75,8.6,130.1,2.51,-3.39,3.5,86,6.15,-0.54,-3.56,2.62,49,24.3,0.61,-3.21,3.54,56.56,5,-1.66,,,-2.75,2.75,,,,-2.75,2.75,,,,59.2,36.1,,,
Hudef,Mage Pro,16,New,,$99.00,JOHNKEW,15%,$84.15,https://hudefsport.com/?sca_ref=4246070.ZxzdSwrwFz,USAP certified,Lifetime,Elongated,Gen-2,Thermoformed,Peel Ply-Coarse,T700 Carbon Fiber,Honeycomb polypropylene + expanding foam,,"2,004",-0.69,-3.64,1.65,56,Fair,Tier 4,16.5,7.4,5.35,8.1,119,0.67,-3.39,3.5,59,6.4,-0.06,-3.56,2.62,57,24.2,0.42,-3.21,3.54,53.82,25,-0.92,,,-2.75,2.75,,,,-2.75,2.75,,,,57.6,36,,,
Hudef,Mage Pro Gen 2,14,New,,$169.99,JOHNKEW,15%,$144.49,https://hudefsport.com/?sca_ref=4246070.ZxzdSwrwFz,USAP certified,Lifetime,Hybrid,Gen-2,Thermoformed,Peel Ply-Coarse,Kevlar & Carbon Fiber,Honeycomb polypropylene + expanding foam,,"2,056",-0.41,-3.64,1.65,61,Fair,Tier 4,16.1,7.8,5.3,7.9,108.6,-1.06,-3.39,3.5,34,6.6,0.32,-3.56,2.62,63,23.8,-0.32,-3.21,3.54,42.83,82,1.18,,,-2.75,2.75,,,,-2.75,2.75,,,,58.6,36.7,,,
Hudef,Viva Pro Gen1,16,New,,$99.00,JOHNKEW,15%,$84.15,https://hudefsport.com/?sca_ref=4246070.ZxzdSwrwFz,USAP certified,Lifetime,Elongated,Gen-2,Thermoformed,Peel Ply-Coarse,T700 Carbon Fiber,Honeycomb polypropylene + expanding foam,,"2,077",-0.3,-3.64,1.65,63,Fair,Tier 4,16.5,7.4,5.5,8.1,122,1.17,-3.39,3.5,66,6.16,-0.52,-3.56,2.62,49,24.4,0.79,-3.21,3.54,59.31,14,-1.33,,,-2.75,2.75,,,,-2.75,2.75,,,,57.6,36.8,,,
Hudef,Viva Pro Gen2,16,New,,$129.99,JOHNKEW,15%,$110.49,https://hudefsport.com/?sca_ref=4246070.ZxzdSwrwFz,USAP certified,Lifetime,Elongated,Gen-2,Thermoformed,Peel Ply-Coarse,T700 Carbon Fiber,Honeycomb polypropylene + expanding foam,,"2,060",-0.39,-3.64,1.65,61,Fair,Tier 4,16.5,7.4,5.5,8.1,128,2.17,-3.39,3.5,81,6.5,0.13,-3.56,2.62,60,25.3,2.46,-3.21,3.54,84.02,4,-1.71,,,-2.75,2.75,,,,-2.75,2.75,,,,59,36.7,,,
JOOLA,Hyperion 3S,16,New,,$199.95,Use Affiliate Link,N/A,$199.95,https://joola-usa.myshopify.com/products/joola-hyperion-3s-dual-16mm-pickleball-paddle-1?bg_ref=SGHmrvEFDJ&utm_source=John%20Williams&utm_medium=ambassador&utm_campaign=Influencer%2010,Dual certified - USAP and UPA-A,1 year,Elongated,Gen-2,Thermoformed,Peel Ply-Coarse,Carbon Fiber,Honeycomb polypropylene + expanding foam,,"2,139",0.03,-3.64,1.65,69,Good,Tier 4,16.5,7.5,5.5,7.9,115.1,0.01,-3.39,3.5,49,6.03,-0.77,-3.56,2.62,45,24.3,0.61,-3.21,3.54,56.56,50,0,,,-2.75,2.75,,,,-2.75,2.75,,,,60.3,38.4,,,
JOOLA,Hyperion CFS (Gen-1),16,New,,$159.99,Use Affiliate Link,N/A,$159.99,https://joola-usa.myshopify.com/products/joola-hyperion-cfs?bg_ref=SGHmrvEFDJ&utm_source=John%20Williams&utm_medium=ambassador&utm_campaign=Influencer%2010,USAP certified,6 months,Elongated,Gen-2,Thermoformed,Peel Ply-Coarse,Carbon Fiber,Honeycomb polypropylene + expanding foam,,"1,725",-2.17,-3.64,1.65,28,Poor,Tier 4,16.5,7.5,5.5,8.4,127,2,-3.39,3.5,78,6.57,0.26,-3.56,2.62,62,24.8,1.53,-3.21,3.54,70.29,4,-1.69,,,-2.75,2.75,,,,-2.75,2.75,,,,58.1,,,,
JOOLA,Kosmos Pro V,16,New,3/12/2026,$299.95,Use Affiliate Link,N/A,$299.95,https://joola-usa.myshopify.com/products/kosmos-pro-v-pickleball-paddle-global?bg_ref=SGHmrvEFDJ&utm_source=John%20Williams&utm_medium=ambassador&utm_campaign=Influencer%2010,Dual certified - USAP and UPA-A,1 year,Hybrid,Gen-3,Thermoformed,Peel Ply-Coarse,Carbon Fiber,Honeycomb polypropylene + EVA + expanding foam,61.38,"2,166",0.17,-3.64,1.65,72,Good,Tier 4,16.22,7.68,5.24,8.1,115.5,0.09,-3.39,3.5,51,6.92,0.93,-3.56,2.62,73,24.3,0.61,-3.21,3.54,56.56,44,-0.23,59.83,-0.63,-2.75,2.75,39,38.1,-0.57,-2.75,2.75,40,39.100,0.385,60.7,38.4,-0.053,-0.12,balanced
JOOLA,Magnus 3S,16,New,,$199.95,Use Affiliate Link,N/A,$199.95,https://joola-usa.myshopify.com/products/tyson-mcguffin-magnus-3s-16mm-pickleball-paddle?bg_ref=SGHmrvEFDJ&utm_source=John%20Williams&utm_medium=ambassador&utm_campaign=Influencer%2010,UPA-A,1 year,Elongated,Gen-3,Thermoformed,Peel Ply-Coarse,Carbon Fiber,Honeycomb polypropylene + EVA + expanding foam,,"2,117",-0.09,-3.64,1.65,67,Good,Tier 4,16.5,7.5,5,7.9,114,-0.16,-3.39,3.5,47,6.12,-0.59,-3.56,2.62,48,24.1,0.24,-3.21,3.54,51.07,57,0.23,,,-2.75,2.75,,,,-2.75,2.75,,,,60.6,38.2,,,
JOOLA,Perseus 3S,14,New,,$199.95,Use Affiliate Link,N/A,$199.95,https://joola-usa.myshopify.com/products/ben-johns-perseus-3s-14mm-pickleball-paddle?bg_ref=SGHmrvEFDJ&utm_source=John%20Williams&utm_medium=ambassador&utm_campaign=Influencer%2010,Dual certified - USAP and UPA-A,1 year,Elongated,Gen-3,Thermoformed,Peel Ply-Coarse,Carbon Fiber,Honeycomb polypropylene + EVA + expanding foam,,"2,141",0.04,-3.64,1.65,70,Good,Tier 4,16.46,7.36,5.5,8,120.4,0.9,-3.39,3.5,62,6.07,-0.69,-3.56,2.62,46,24.5,0.98,-3.21,3.54,62.05,20,-1.11,,,-2.75,2.75,,,,-2.75,2.75,,,,60.4,38.8,,,
JOOLA,Perseus 3S,16,New,,$199.95,Use Affiliate Link,N/A,$199.95,https://joola-usa.myshopify.com/products/joola-perseus-3s-dual-16mm-pickleball-paddle-1?bg_ref=SGHmrvEFDJ&utm_source=John%20Williams&utm_medium=ambassador&utm_campaign=Influencer%2010,Dual certified - USAP and UPA-A,1 year,Elongated,Gen-3,Thermoformed,Peel Ply-Coarse,Carbon Fiber,Honeycomb polypropylene + EVA + expanding foam,,"2,148",0.08,-3.64,1.65,70,Good,Tier 4,16.46,7.36,5.5,7.9,118.6,0.6,-3.39,3.5,58,6.15,-0.54,-3.56,2.62,49,24.7,1.35,-3.21,3.54,67.54,26,-0.91,,,-2.75,2.75,,,,-2.75,2.75,,,,60.2,38.6,,,
JOOLA,Perseus MOD TA-15,16,Used-2 weeks,,N/A,Use Affiliate Link,N/A,N/A,https://www.joola.com/?bg_ref=SGHmrvEFDJ,Sunset (no longer legal),6 months,Elongated,Gen-3,Thermoformed,Peel Ply-Coarse,Carbon Fiber,Honeycomb polypropylene + EVA + expanding foam,,"2,243",0.58,-3.64,1.65,80,Good,Tier 4,16.46,7.36,5.5,8.8,119.2,0.7,-3.39,3.5,59,6.12,-0.59,-3.56,2.62,48,24.6,1.16,-3.21,3.54,64.8,24,-0.97,62.73,2.44,-2.75,2.75,94,39.14,0.89,-2.75,2.75,66,80.200,0.497,62.2,39.5,1.545,3.58,power-leaning
JOOLA,Perseus Pro IV 14mm,14,New,,$249.95,Use Affiliate Link,N/A,$249.95,https://joola-usa.myshopify.com/products/joola-perseus-iv-14mm-pickleball-paddle-1?bg_ref=SGHmrvEFDJ&utm_source=John%20Williams&utm_medium=ambassador&utm_campaign=Influencer%2010,Dual certified - USAP and UPA-A,1 year,Elongated,Gen-3,Thermoformed,Peel Ply-Coarse,Carbon Fiber,Honeycomb polypropylene + EVA + expanding foam,59.73,"2,159",0.14,-3.64,1.65,71,Good,Tier 4,16.46,7.36,5.5,7.9,115.1,0.02,-3.39,3.5,50,6.08,-0.67,-3.56,2.62,47,24.2,0.48,-3.21,3.54,54.64,50,-0.02,60.34,-0.09,-2.75,2.75,48,38.63,0.18,-2.75,2.75,53,50.800,0.397,60.8,38.8,-0.27,-0.62,slightly pop
JOOLA,Perseus Pro IV 16mm,16,New,,$249.95,Use Affiliate Link,N/A,$249.95,https://joola-usa.myshopify.com/products/joola-perseus-iv-16mm-pickleball-paddle-1?bg_ref=SGHmrvEFDJ&utm_source=John%20Williams&utm_medium=ambassador&utm_campaign=Influencer%2010,Dual certified - USAP and UPA-A,1 year,Elongated,Gen-3,Thermoformed,Peel Ply-Coarse,Carbon Fiber,Honeycomb polypropylene + EVA + expanding foam,,"2,112",-0.11,-3.64,1.65,67,Good,Tier 4,16.46,7.36,5.5,8.1,117.3,0.38,-3.39,3.5,55,6.31,-0.23,-3.56,2.62,54,24.4,0.79,-3.21,3.54,59.31,35,-0.57,,,-2.75,2.75,,,,-2.75,2.75,,,,61.3,38.6,,,
JOOLA,Scorpeus 3S,16,New,,$199.95,Use Affiliate Link,N/A,$199.95,https://joola-usa.myshopify.com/products/collin-johns-scorpeus-3s-16mm-pickleball-paddle?bg_ref=SGHmrvEFDJ&utm_source=John%20Williams&utm_medium=ambassador&utm_campaign=Influencer%2010,Dual certified - USAP and UPA-A,1 year,Widebody,Gen-3,Thermoformed,Peel Ply-Coarse,Carbon Fiber,Honeycomb polypropylene + EVA + expanding foam,,"2,213",0.42,-3.64,1.65,77,Good,Tier 4,16,8,5.25,8,111.6,-0.56,-3.39,3.5,41,7,1.08,-3.56,2.62,75,23.9,-0.13,-3.21,3.54,45.58,69,0.69,,,-2.75,2.75,,,,-2.75,2.75,,,,59.7,39,,,
JOOLA,Scorpeus Collin Johns CFS (Gen-1),16,New,,$79.98,N/A,N/A,$79.98,https://joola-usa.myshopify.com/products/collin-johns-scorpeus-cfs-16-pickleball-paddle?bg_ref=SGHmrvEFDJ&utm_source=John%20Williams&utm_medium=ambassador&utm_campaign=Influencer%2010,USAP certified,6 months,Widebody,Gen-2,Thermoformed,Peel Ply-Coarse,Carbon Fiber,Honeycomb polypropylene + expanding foam,,"1,889",-1.3,-3.64,1.65,44,Poor,Tier 4,16,8,5.25,8.1,114,-0.16,-3.39,3.5,47,6.95,0.98,-3.56,2.62,74,23.9,-0.13,-3.21,3.54,45.58,56,0.21,,,-2.75,2.75,,,,-2.75,2.75,,,,58.7,36.5,,,
JOOLA,Scorpeus Pro IV,16,New,,$249.95,Use Affiliate Link,N/A,$249.95,https://joola-usa.myshopify.com/products/pre-order-joola-collin-johns-scorpeus-pro-iv-16mm-pickleball-paddle?bg_ref=SGHmrvEFDJ&utm_source=John%20Williams&utm_medium=ambassador&utm_campaign=Influencer%2010,Dual certified - USAP and UPA-A,1 year,Widebody,Gen-3,Thermoformed,Peel Ply-Coarse,Carbon Fiber,Honeycomb polypropylene + EVA + expanding foam,74.00,"2,198",0.34,-3.64,1.65,75,Good,Tier 4,15.94,7.99,5.31,8.3,112.5,-0.41,-3.39,3.5,43,7.25,1.55,-3.56,2.62,83,23.7,-0.5,-3.21,3.54,40.09,65,0.52,60.01,-0.43,-2.75,2.75,42,38.3,-0.29,-2.75,2.75,45,43.400,0.389,60.3,38.7,-0.144,-0.33,slightly pop
JOOLA,Solaire,14,New,,N/A,N/A,N/A,N/A,https://www.joola.com/?bg_ref=SGHmrvEFDJ,USAP certified,6 months,Widebody,Gen-2,Thermoformed,Peel Ply-Coarse,Carbon Fiber,Honeycomb polypropylene + expanding foam,,"1,917",-1.15,-3.64,1.65,47,Fair,Tier 4,16,8,5.5,8.4,,,-3.39,3.5,49,,,-3.56,2.62,58,,,-3.21,3.54,47.56,,,,,-2.75,2.75,,,,-2.75,2.75,,,,,,,,
Komodo,Katana,16,New,,$227.97,JOHNKEW,10%,$205.17,https://pickleballcentral.com/?oid=9&affid=7926664,USAP certified,1 year,Elongated,Gen-1,Cold Pressed,Peel Ply-Coarse,Kevlar 3K Cloth,Honeycomb polypropylene,,"2,032",-0.54,-3.64,1.65,59,Fair,Tier 4,16.5,7.5,5.25,7.5,106.5,-1.41,-3.39,3.5,29,5.75,-1.3,-3.56,2.62,37,23.8,-0.32,-3.21,3.54,42.83,92,1.54,,,-2.75,2.75,,,,-2.75,2.75,,,,57.4,35.3,,,
Komodo,Tonto 18K,14,New,,$227.97,JOHNKEW,10%,$205.17,https://pickleballcentral.com/?oid=9&affid=7926664,USAP certified,1 year,Elongated,Gen-2,Thermoformed,Peel Ply-Coarse,18K Carbon Fiber,Honeycomb polypropylene + expanding foam,,"1,854",-1.48,-3.64,1.65,41,Poor,Tier 4,16.5,7.4,5.8,7.1,100,-2.49,-3.39,3.5,13,5.32,-2.12,-3.56,2.62,23,23.3,-1.25,-3.21,3.54,29.11,99,1.78,,,-2.75,2.75,,,,-2.75,2.75,,,,58,37.2,,,
Komodo,Tonto Unidirectional,14,New,,$227.97,JOHNKEW,10%,$205.17,https://pickleballcentral.com/?oid=9&affid=7926664,USAP certified,1 year,Elongated,Gen-2,Thermoformed,Peel Ply-Coarse,T700 Carbon Fiber,Honeycomb polypropylene + expanding foam,,"1,765",-1.96,-3.64,1.65,32,Poor,Tier 4,16.5,7.4,5.8,8.1,118.5,0.59,-3.39,3.5,58,5.64,-1.51,-3.56,2.62,33,23.6,-0.69,-3.21,3.54,37.34,32,-0.69,,,-2.75,2.75,,,,-2.75,2.75,,,,58.3,37.2,,,
Legacy,Legacy Pro,16,New,,$150.00,JOHNKEW,10%,$135.00,,USAP certified,6 months,Elongated,Gen-2,Thermoformed,Peel Ply-Fine,Toray Carbon Fiber,Honeycomb polypropylene + expanding foam,,"1,913",-1.17,-3.64,1.65,47,Fair,Tier 4,16.5,7.5,5.3,8,121,1,-3.39,3.5,64,6.43,0,-3.56,2.62,58,,,-3.21,3.54,47.56,19,-1.15,,,-2.75,2.75,,,,-2.75,2.75,,,,,,,,
Luzz,Glider 2026,16,New,6/10/2026,$119.00,JOHNKEW,15%,$101.15,https://luzzpickleball.com/products/luzz-glider-2026?sca_ref=10162045.DyVJzmd5hL,Dual certified - USAP and UPA-A,1 year,Hybrid,Gen-3,Thermoformed,Coated peel-ply,Carbon Fiber,Honeycomb polypropylene + EVA + expanding foam,62.24,"2,281",0.78,-3.64,1.65,84,Good,Tier 4,16.14,7.76,5.35,7.8,108.6,-1.07,-3.39,3.5,34,6.47,0.07,-3.56,2.62,59,23.8,-0.32,-3.21,3.54,42.83,83,1.21,60,-0.45,-2.75,2.75,42,38.45,-0.07,-2.75,2.75,49,45.300,0.391,60.1,38.3,-0.375,-0.87,pop-leaning
Luzz,Inferno Frozen,16,New,6/10/2026,$249.00,JOHNKEW,15%,$211.65,https://luzzpickleball.com/collections/us-inferno/products/luzz-pro-4-frozen-inferno?sca_ref=10162045.DyVJzmd5hL,Dual certified - USAP and UPA-A,1 year,Elongated,Gen-4,Thermoformed,Coated peel-ply,Carbon Fiber,Full Foam (MPP + EVA + expanding foam),35.05,"2,051",-0.44,-3.64,1.65,61,Fair,Tier 4,16.5,7.48,5.51,8.2,119.6,0.76,-3.39,3.5,60,6.18,-0.48,-3.56,2.62,50,24.4,0.79,-3.21,3.54,59.31,22,-1.04,60.89,0.5,-2.75,2.75,59,38.59,0.13,-2.75,2.75,52,55.700,0.405,61.1,38.4,0.372,0.86,power-leaning
Luzz,Pro 4 Inferno 2,16,New,8/25/2026,$239.00,JOHNKEW,15%,$203.15,https://luzzpickleball.com/products/luzz-inferno2-m1?sca_ref=10162045.DyVJzmd5hL,Dual Certified,1 year,Elongated,Gen 4,Thermoformed,Peel Ply-Coarse,T700 Carbon Fiber,Full Foam (MPP- TPE Ring),44.25,"2,271",0.73,-3.64,1.65,83,Good,Tier 2,16.54,7.48,5.52,8,120.4,0.9,-3.39,3.5,62,6.17,-0.5,-3.56,2.62,50,24.4,0.79,-3.21,3.54,59.31,20,-1.1,61.77,1.43,-2.75,2.75,76,39.18,0.96,-2.75,2.75,67,71.700,0.429,60.6,38.46,0.466,1.08,power-leaning
Luzz,Pro Cannon,16,New,,$109.00,JOHNKEW,15%,$92.65,https://luzzpickleball.com/products/luzzpickleball-cannon-paddle-t700-carbon-friction-surface-thermoformed?sca_ref=10162045.DyVJzmd5hL,Dual certified - USAP and UPA-A,1 year,Elongated,Gen-3,Thermoformed,Peel Ply-Coarse,Carbon Fiber,Honeycomb polypropylene + EVA + expanding foam,47.90,"2,213",0.42,-3.64,1.65,77,Good,Tier 4,16.61,7.44,5.63,8,121.6,1.11,-3.39,3.5,65,6.08,-0.67,-3.56,2.62,47,24.5,0.98,-3.21,3.54,62.05,15,-1.28,60.23,-0.2,-2.75,2.75,46,38.08,-0.61,-2.75,2.75,39,42.700,0.39,60.6,38.2,0.404,0.93,power-leaning
Luzz,Pro-4 Inferno,16,New,,$229.00,JOHNKEW,15%,$194.65,https://luzzpickleball.com/products/luzzpickleball-pro-4-inferno-mpp-pickleball-paddle-large-sweet-spot-durable-core?sca_ref=10162045.DyVJzmd5hL,Dual certified - USAP and UPA-A,1 year,Elongated,Gen-4,Thermoformed,Peel Ply-Coarse,Carbon Fiber,Full Foam (MPP + EVA + expanding foam),43.75,"2,256",0.65,-3.64,1.65,81,Good,Tier 4,16.54,7.48,5.75,7.8,117.4,0.41,-3.39,3.5,55,6.07,-0.69,-3.56,2.62,46,24.4,0.79,-3.21,3.54,59.31,34,-0.58,60.99,0.6,-2.75,2.75,61,38.83,0.46,-2.75,2.75,58,59.600,0.409,61.4,38.7,0.147,0.34,slightly power
Luzz,Pro-4 Tornazo,16,New,,$229.00,JOHNKEW,15%,$194.65,https://luzzpickleball.com/products/luzzpickleball-pro-4-tornazo-carbon-fiber-pickleball-paddle-dual-layer-core?sca_ref=10162045.DyVJzmd5hL,Dual certified - USAP and UPA-A,1 year,Elongated,Gen-4,Thermoformed,Peel Ply-Coarse,Carbon Fiber,Full Foam (EPP + SCF + expanding foam),51.27,"2,239",0.56,-3.64,1.65,79,Good,Tier 4,16.54,7.4,5.79,8,120.9,0.98,-3.39,3.5,63,6.17,-0.5,-3.56,2.62,50,24.5,0.98,-3.21,3.54,62.05,19,-1.16,60.82,0.42,-2.75,2.75,58,38.54,0.05,-2.75,2.75,51,54.300,0.403,61.3,38.6,0.366,0.85,power-leaning
Luzz,Pro-Blade 2,14,New,2/16/2026,$169.00,JOHNKEW,15%,$143.65,https://luzzpickleball.com/pages/pro-blade2-paddle?sca_ref=10162045.DyVJzmd5hL,Dual Certified,1 year,Elongated,Gen-4,Thermoformed,Peel Ply-Coarse,T700 Carbon Fiber,Full Foam (MPP + EVA + expanding foam),46.04,"2,206",0.39,-3.64,1.65,76,Good,Tier 4,16.54,7.48,5.59,8,117,0.34,-3.39,3.5,54,6.24,-0.37,-3.56,2.62,52,24.2,0.42,-3.21,3.54,53.82,38,-0.44,60.97,0.58,-2.75,2.75,61,39.01,0.72,-2.75,2.75,63,61.800,0.411,60.7,39.8,-0.137,-0.32,slightly pop
Mark,OneXR2,16,New,,$174.99,JOHNKEW,10%,$157.49,https://markpickleball.com/?sca_ref=6367831.WhS3ko26w7,USAP certified,150 days,Hybrid,Gen-2,Thermoformed,Peel Ply-Coarse,T700 Carbon Fiber,Honeycomb polypropylene + expanding foam,,"2,276",0.76,-3.64,1.65,83,Good,Tier 4,16.3,7.52,5.79,8.1,117.2,0.37,-3.39,3.5,55,6.5,0.13,-3.56,2.62,60,24.1,0.24,-3.21,3.54,51.07,36,-0.53,60.15,-0.28,-2.75,2.75,45,38.19,-0.45,-2.75,2.75,42,43.300,0.39,60.21,38.3,0.167,0.39,slightly power
Mark,unMARKed Alpha,15.5,New,,$174.99,JOHNKEW,10%,$157.49,https://markpickleball.com/?sca_ref=6367831.WhS3ko26w7,USAP certified,150 days,Elongated,Gen-2,Thermoformed,Peel Ply-Coarse,T700 Carbon Fiber,Honeycomb polypropylene + expanding foam,,"2,277",0.76,-3.64,1.65,83,Good,Tier 4,16.54,7.48,5.6,8.1,121.4,1.07,-3.39,3.5,65,6.52,0.17,-3.56,2.62,60,24.6,1.16,-3.21,3.54,64.8,15,-1.31,,,-2.75,2.75,,,,-2.75,2.75,,,,60.5,38.2,,,
Maverix,Clash-15 All Court,15,New,,$164.99,JOHNKEW,15%,$140.24,https://www.maverixpickleball.com/,USAP certified,6 months,Hybrid,Gen-2,Thermoformed,Peel Ply-Coarse,T700 Carbon Fiber,Honeycomb polypropylene + expanding foam,,"2,161",0.15,-3.64,1.65,72,Good,Tier 4,16.2,7.7,5.4,8.1,117.2,0.37,-3.39,3.5,55,6.55,0.22,-3.56,2.62,61,23.9,-0.13,-3.21,3.54,45.58,37,-0.49,,,-2.75,2.75,,,,-2.75,2.75,,,,58.6,36.9,,,
Maverix,Clash-15 Pro,15,New,,$179.99,JOHNKEW,15%,$152.99,https://www.maverixpickleball.com/,USAP certified,6 months,Hybrid,Gen-2,Thermoformed,Peel Ply-Coarse,Kevlar & Carbon Fiber,Honeycomb polypropylene + expanding foam,,"1,986",-0.78,-3.64,1.65,54,Fair,Tier 4,16.2,7.7,5.4,8.2,116.2,0.21,-3.39,3.5,52,6.42,-0.02,-3.56,2.62,57,23.9,-0.13,-3.21,3.54,45.58,43,-0.28,,,-2.75,2.75,,,,-2.75,2.75,,,,58.9,37,,,
Maverix,Havik 2,15,New,2/17/2026,$164.99,JOHNKEW,15%,$140.24,https://www.maverixpickleball.com/products/havik2?sca_ref=6601973.vQ2MQcbqGLvt4aH&utm_source=affiliate&utm_medium=affiliate&utm_campaign=affiliate,USAP Certified,1 year,Elongated,Gen-4,Thermoformed,Peel Ply-Coarse,T700 Carbon Fiber,Full Foam (EPP +EVA+expanding foam,37.10,"2,146",0.07,-3.64,1.65,70,Good,Tier 4,16.5,7.5,5.28,8.1,112.4,-0.43,-3.39,3.5,43,6.52,0.17,-3.56,2.62,60,23.6,-0.69,-3.21,3.54,37.34,67,0.62,61.14,0.76,-2.75,2.75,64,39.15,0.92,-2.75,2.75,67,65.300,0.416,60.6,39.6,-0.153,-0.35,slightly pop
Maverix,Havik-15 All Court,15,New,,$164.99,JOHNKEW,15%,$140.24,https://www.maverixpickleball.com/,USAP certified,6 months,Elongated,Gen-2,Thermoformed,Peel Ply-Coarse,T700 Carbon Fiber,Honeycomb polypropylene + expanding foam,,"2,028",-0.56,-3.64,1.65,58,Fair,Tier 4,16.5,7.5,5.5,8.2,117.2,0.38,-3.39,3.5,55,6.36,-0.14,-3.56,2.62,55,23.9,-0.13,-3.21,3.54,45.58,37,-0.5,,,-2.75,2.75,,,,-2.75,2.75,,,,58.5,37,,,
Maverix,Havik-15 Pro,15,New,,$179.99,JOHNKEW,15%,$152.99,https://www.maverixpickleball.com/,USAP certified,6 months,Elongated,Gen-2,Thermoformed,Peel Ply-Coarse,Kevlar & Carbon Fiber,Honeycomb polypropylene + expanding foam,,"2,002",-0.7,-3.64,1.65,56,Fair,Tier 4,16.5,7.5,5.5,8.3,118.7,0.63,-3.39,3.5,58,6.58,0.28,-3.56,2.62,62,24.1,0.24,-3.21,3.54,51.07,26,-0.9,,,-2.75,2.75,,,,-2.75,2.75,,,,59.1,36.8,,,
Monarch,Mercenary Graphite 2,10.3,Used-3 months,,$79.99,,,$79.99,https://pickleballcentral.com/?oid=9&affid=7926664,USAP certified,6 months,Widebody,Gen-1,Cold Pressed,Grit,Graphite,Honeycomb polypropylene,,"1,099",-5.49,-3.64,1.65,0,Poor,Tier 4,15.5,8.2,4.5,7.8,108,-1.16,-3.39,3.5,32,,,-3.56,2.62,58,,,-3.21,3.54,47.56,84,1.23,,,-2.75,2.75,,,,-2.75,2.75,,,,,,,,
Neonic,Flare Prime X,14,New,,$139.99,JOHNKEW,10%,$125.99,https://neonicpickleball.com/?sca_ref=5483926.I2u0jGSSKQ,USAP certified,6 months,Widebody,Gen-2,Thermoformed,Peel Ply-Coarse,Toray Carbon Fiber,Honeycomb polypropylene + expanding foam,55.52,"2,149",0.08,-3.64,1.65,70,Good,Tier 4,16,8,5.5,7.6,107.3,-1.28,-3.39,3.5,31,6.68,0.47,-3.56,2.62,65,23.8,-0.32,-3.21,3.54,42.83,88,1.38,60.16,-0.27,-2.75,2.75,45,38.95,0.62,-2.75,2.75,61,53.200,0.399,59.6,38.8,-0.896,-2.07,pop-leaning
Neonic,Flare Titanium,16,New,,$149.99,JOHNKEW,10%,$134.99,https://neonicpickleball.com?sca_ref=5483926.I2u0jGSSKQ,USAP certified,6 months,Widebody,Gen-2,Thermoformed,Peel Ply-Coarse,Carbon Fiber & Titanium,Honeycomb polypropylene + expanding foam,,"2,204",0.38,-3.64,1.65,76,Good,Tier 4,16,8,5.5,8.1,113.5,-0.25,-3.39,3.5,46,7.01,1.1,-3.56,2.62,75,23.8,-0.32,-3.21,3.54,42.83,59,0.33,,,-2.75,2.75,,,,-2.75,2.75,,,,59.4,36.7,,,
Neonic,Flow,16,New,,$119.99,JOHNKEW,10%,$107.99,https://neonicpickleball.com?sca_ref=5483926.I2u0jGSSKQ,USAP certified,6 months,Hybrid,Gen-2,Thermoformed,Peel Ply-Coarse,Toray Carbon Fiber,Honeycomb polypropylene + expanding foam,,"2,310",0.94,-3.64,1.65,87,Elite,Tier 4,16.25,7.63,5.5,8.1,116.3,0.22,-3.39,3.5,52,6.53,0.19,-3.56,2.62,61,23.9,-0.13,-3.21,3.54,45.58,42,-0.31,,,-2.75,2.75,,,,-2.75,2.75,,,,58.4,36.5,,,
Neonic,Flow Prime X,16,New,,$139.99,JOHNKEW,10%,$125.99,https://neonicpickleball.com?sca_ref=5483926.I2u0jGSSKQ,USAP certified,6 months,Hybrid,Gen-2,Thermoformed,Peel Ply-Coarse,Toray Carbon Fiber,Honeycomb polypropylene + expanding foam,,"2,158",0.13,-3.64,1.65,71,Good,Tier 4,16.25,7.63,5.5,8.1,116.1,0.19,-3.39,3.5,52,6.49,0.11,-3.56,2.62,59,23.8,-0.32,-3.21,3.54,42.83,44,-0.24,59.75,-0.71,-2.75,2.75,37,37.88,-0.89,-2.75,2.75,34,35.500,0.382,59.2,38,0.175,0.4,slightly power
Neonic,Frost FLX,16,New,6/10/2026,$165.00,JOHNKEW,10%,$148.50,https://neonicpickleball.com/pages/swiftflxlaunch?sca_ref=5483926.I2u0jGSSKQ,USAP certified,6 months,Hybrid,Gen-4,Thermoformed,Peel Ply-Coarse,Carbon Fiber,Full Foam (MPP + EVA + expanding foam),53.13,"2,125",-0.05,-3.64,1.65,68,Good,Tier 4,16.26,7.83,5.55,7.6,107.3,-1.28,-3.39,3.5,31,6.33,-0.19,-3.56,2.62,54,23.7,-0.5,-3.21,3.54,40.09,89,1.44,59.77,-0.68,-2.75,2.75,38,38.35,-0.22,-2.75,2.75,46,41.800,0.387,59.9,38.2,-0.46,-1.07,pop-leaning
Neonic,Swift FLX,16,New,6/10/2026,$165.00,JOHNKEW,10%,$148.50,https://neonicpickleball.com/pages/swiftflxlaunch?sca_ref=5483926.I2u0jGSSKQ,USAP certified,6 months,Elongated,Gen-4,Thermoformed,Peel Ply-Coarse,Carbon Fiber,Full Foam (MPP + EVA + expanding foam),50.24,"2,038",-0.51,-3.64,1.65,59,Fair,Tier 4,16.46,7.56,5.43,7.7,108,-1.17,-3.39,3.5,32,6.06,-0.71,-3.56,2.62,46,23.2,-1.43,-3.21,3.54,26.36,88,1.39,59.59,-0.88,-2.75,2.75,34,38.06,-0.64,-2.75,2.75,38,36.200,0.382,60,38.1,-0.243,-0.56,slightly pop
Nexus,ProStar,16,New,,$169.99,JOHNKEW,10%,$152.99,https://www.nexuspickleballusa.com/,USAP certified,6 months,Elongated,Gen-3,Thermoformed,Peel Ply-Coarse,"Carbon Fiber & PET Fibers (""Titanium"")",Honeycomb polypropylene + expanding foam,,"1,797",-1.79,-3.64,1.65,35,Poor,Tier 4,16.5,7.5,5.5,8.2,122.6,1.27,-3.39,3.5,68,6.38,-0.1,-3.56,2.62,56,24.4,0.79,-3.21,3.54,59.31,11,-1.44,,,-2.75,2.75,,,,-2.75,2.75,,,,59.2,38.2,,,
Nox,X-Foam JC6,16,New,6/10/2026,$249.95,JOHNKEW,25%,$187.46,https://noxsportusa.com/collections/pickleball-paddles/products/pala-pickleball-x-foam-jc6-16mm?sca_ref=10984790.g0DxZhLKTs,Dual certified - USAP and UPA-A,2 years,Hybrid,Gen-4,Thermoformed,Peel Ply-Coarse,Carbon Fiber,Full Foam (EPP + EVA + expanding foam),48.11,"1,965",-0.89,-3.64,1.65,52,Fair,Tier 4,16.38,7.56,5.47,8.3,115.8,0.14,-3.39,3.5,51,6.44,0.01,-3.56,2.62,58,23.8,-0.32,-3.21,3.54,42.83,46,-0.16,61.14,0.76,-2.75,2.75,64,38.85,0.49,-2.75,2.75,59,61.400,0.411,61,38.9,0.268,0.62,slightly power
NOX,X-Foam Tempus,16,New,4/21/2026,$239.95,JOHNKEW,25%,$179.96,https://noxsportusa.com/collections/pickleball-paddles/products/pala-pickleball-x-foam-tempus-16mm?sca_ref=10984790.g0DxZhLKTs,Dual Certified,2 years,Widebody,Gen-4,Thermoformed,Peel Ply-Coarse,T700 Carbon Fiber,Full Foam (EPP + EVA + expanding foam),45.94,"1,961",-0.91,-3.64,1.65,52,Fair,Tier 4,15.94,8.07,5.12,8.4,112.2,-0.46,-3.39,3.5,43,7.5,2.03,-3.56,2.62,90,23.1,-1.62,-3.21,3.54,23.62,67,0.63,60.68,0.27,-2.75,2.75,55,38.74,0.34,-2.75,2.75,56,55.500,0.402,61,38.8,-0.065,-0.15,balanced
OM,Aero,14,New,,$245.00,JOHNKEW,10%,$220.50,https://ompickleball.com/,USAP certified,Lifetime,Widebody,Gen-2,Thermoformed-edgeless,Grit,T700 Carbon Fiber,Honeycomb polypropylene + expanding foam,,"1,584",-2.92,-3.64,1.65,14,Poor,Tier 4,15.83,8.2,5,7.9,106.7,-1.39,-3.39,3.5,29,6.48,0.09,-3.56,2.62,59,23.5,-0.87,-3.21,3.54,34.6,91,1.51,,,-2.75,2.75,,,,-2.75,2.75,,,,59.5,38.3,,,
Owl,Owl CXE,16,New,,$169.00,,,$169.00,https://pickleballcentral.com/?oid=9&affid=7926664,USAP certified,6 months,Elongated,Gen-1,Cold Pressed,Acoustene Composite,Acoustene Composite,Honeycomb polypropylene,41.60,"2,362",1.21,-3.64,1.65,92,Elite,Tier 1,16.5,7.5,5.3,7.9,118.5,0.59,-3.39,3.5,58,5.51,-1.75,-3.56,2.62,29,25.6,3.02,-3.21,3.54,92.25,26,-0.88,60.09,-0.35,-2.75,2.75,44,38.16,-0.49,-2.75,2.75,41,42.300,0.39,59.6,37.9,0.145,0.34,slightly power
PaddleTek,Bantam ALW-C,14.3,New,,$229.99,Use Affiliate Link,10%,$206.99,https://www.paddletek.com/6xAhP5,Dual certified - USAP and UPA-A,Lifetime,Widebody,Gen-1,Cold Pressed,Peel Ply-Coarse,Toray Carbon Fiber & Fiberglass,Honeycomb polypropylene,,"2,302",0.9,-3.64,1.65,86,Elite,Tier 4,15.9,7.9,5.25,7.7,107.9,-1.18,-3.39,3.5,32,6.76,0.62,-3.56,2.62,68,23.7,-0.5,-3.21,3.54,40.09,85,1.29,60.86,0.46,-2.75,2.75,58,39.37,1.22,-2.75,2.75,72,65.300,0.414,60.4,39.7,-0.755,-1.75,pop-leaning
PaddleTek,Bantam ALW-C,12.7,New,,$229.99,Use Affiliate Link,10%,$206.99,https://www.paddletek.com/6xAhP5,Dual certified - USAP and UPA-A,Lifetime,Widebody,Gen-1,Cold Pressed,Peel Ply-Coarse,Toray Carbon Fiber & Fiberglass,Honeycomb polypropylene,59.99,"2,241",0.57,-3.64,1.65,80,Good,Tier 4,15.9,7.9,5.25,7.8,103.4,-1.93,-3.39,3.5,21,6.51,0.15,-3.56,2.62,60,23.5,-0.87,-3.21,3.54,34.6,94,1.62,60.4,-0.02,-2.75,2.75,50,39.3,1.12,-2.75,2.75,70,60.000,0.406,60.6,39.4,-1.143,-2.65,pop-leaning
PaddleTek,Bantam ESQ-C,12.7,New,,$249.99,Use Affiliate Link,10%,$224.99,https://www.paddletek.com/6xAhP5,Dual certified - USAP and UPA-A,Lifetime,Widebody,Gen-1,Cold Pressed,Peel Ply-Coarse,Toray Carbon Fiber & Fiberglass,Honeycomb polypropylene,,"2,339",1.09,-3.64,1.65,89,Elite,Tier 4,15.9,8,5.5,7.6,102.5,-2.08,-3.39,3.5,19,6.6,0.32,-3.56,2.62,63,23.2,-1.43,-3.21,3.54,26.36,96,1.66,,,-2.75,2.75,,,,-2.75,2.75,,,,60.5,39,,,
PaddleTek,Bantam ESQ-C,14.3,New,,$249.99,Use Affiliate Link,10%,$224.99,https://www.paddletek.com/6xAhP5,Dual certified - USAP and UPA-A,Lifetime,Widebody,Gen-1,Cold Pressed,Peel Ply-Coarse,Toray Carbon Fiber & Fiberglass,Honeycomb polypropylene,,"2,304",0.91,-3.64,1.65,86,Elite,Tier 4,15.9,8,5.5,7.7,106.9,-1.34,-3.39,3.5,30,6.7,0.51,-3.56,2.62,66,24.1,0.24,-3.21,3.54,51.07,88,1.38,,,-2.75,2.75,,,,-2.75,2.75,,,,60.3,38.5,,,
PaddleTek,Bantam GTO-C,14.3,New,,$249.99,Use Affiliate Link,10%,$224.99,https://www.paddletek.com/dFoeSx,USAP certified,Lifetime,Hybrid,Gen-1,Cold Pressed,Peel Ply-Coarse,Toray Carbon Fiber & Fiberglass,Honeycomb polypropylene,,"2,214",0.43,-3.64,1.65,77,Good,Tier 4,16.2,7.7,5.5,8,118.6,0.6,-3.39,3.5,58,6.76,0.62,-3.56,2.62,68,24.8,1.53,-3.21,3.54,70.29,23,-0.99,,,-2.75,2.75,,,,-2.75,2.75,,,,60.86,38.2,,,
PaddleTek,Bantam GTO-C,12.7,New,,$249.99,Use Affiliate Link,10%,$224.99,https://www.paddletek.com/HgEWva,USAP certified,Lifetime,Hybrid,Gen-1,Cold Pressed,Peel Ply-Coarse,Toray Carbon Fiber & Fiberglass,Honeycomb polypropylene,,"2,266",0.71,-3.64,1.65,82,Good,Tier 4,16.2,7.7,5.5,7.9,119.1,0.69,-3.39,3.5,59,7.12,1.31,-3.56,2.62,79,25.1,2.09,-3.21,3.54,78.53,21,-1.08,,,-2.75,2.75,,,,-2.75,2.75,,,,60.66,39.4,,,
PaddleTek,Bantam TKO-C,12.7,New,,$229.99,Use Affiliate Link,10%,$206.99,https://www.paddletek.com/6xAhP5,Dual certified - USAP and UPA-A,Lifetime,Elongated,Gen-1,Cold Pressed,Peel Ply-Coarse,Toray Carbon Fiber & Fiberglass,Honeycomb polypropylene,,"2,314",0.96,-3.64,1.65,87,Elite,Tier 4,16.5,7.5,5.25,7.7,113,-0.34,-3.39,3.5,44,6.55,0.22,-3.56,2.62,61,24.4,0.79,-3.21,3.54,59.31,60,0.37,,,-2.75,2.75,,,,-2.75,2.75,,,,59.9,39.1,,,
PaddleTek,Bantam TKO-CX,12.7,New,,$229.99,Use Affiliate Link,10%,$206.99,https://www.paddletek.com/6xAhP5,Dual certified - USAP and UPA-A,Lifetime,Elongated,Gen-1,Cold Pressed,Peel Ply-Coarse,Toray Carbon Fiber & Fiberglass,Honeycomb polypropylene,49.19,"2,213",0.42,-3.64,1.65,77,Good,Tier 4,16.5,7.5,5.75,7.9,117.6,0.44,-3.39,3.5,56,6.79,0.68,-3.56,2.62,69,25.4,2.65,-3.21,3.54,86.76,29,-0.77,61.51,1.15,-2.75,2.75,71,39.72,1.72,-2.75,2.75,81,76.100,0.435,61.1,39.6,-0.566,-1.31,pop-leaning
PaddleTek,Bantam TKO-CX,14.3,New,,$229.99,Use Affiliate Link,10%,$206.99,https://www.paddletek.com/6xAhP5,Dual certified - USAP and UPA-A,Lifetime,Elongated,Gen-1,Cold Pressed,Peel Ply-Coarse,Toray Carbon Fiber & Fiberglass,Honeycomb polypropylene,,"2,293",0.85,-3.64,1.65,85,Good,Tier 4,16.5,7.5,5.75,7.9,121.7,1.12,-3.39,3.5,66,6.38,-0.1,-3.56,2.62,56,25,1.91,-3.21,3.54,75.78,13,-1.37,,,-2.75,2.75,,,,-2.75,2.75,,,,60.8,38.3,,,
PaddleTek,Reserve Honeyfoam,16,New,2/2/2026,$249.99,Use Affiliate Link,10%,$224.99,https://www.paddletek.com/HgEWva,Dual Certified,Lifetime,Elongated,Gen-4,Thermoformed,Peel Ply-Coarse,PT700 Carbon Fiber,Full Foam (EPP + EVA + expanding foam),51.35,"2,154",0.11,-3.64,1.65,71,Good,Tier 4,16.5,7.5,5.63,8.2,117.4,0.4,-3.39,3.5,55,6.38,-0.1,-3.56,2.62,56,23.9,-0.13,-3.21,3.54,45.58,36,-0.54,61.01,0.62,-2.75,2.75,61,38.73,0.31,-2.75,2.75,56,58.500,0.408,60.5,38.5,0.308,0.71,slightly power
PaddleTek,Tempest TKO-C,14.3,New,,$209.99,Use Affiliate Link,10%,$188.99,https://www.paddletek.com/6xAhP5,Dual certified - USAP and UPA-A,Lifetime,Widebody,Gen-1,Cold Pressed,Peel Ply-Coarse,Toray Carbon Fiber & Fiberglass,Honeycomb polypropylene,,"2,204",0.38,-3.64,1.65,76,Good,Tier 4,16.5,7.5,5.25,8.3,124,1.5,-3.39,3.5,71,6.59,0.3,-3.56,2.62,62,24.6,1.16,-3.21,3.54,64.8,8,-1.54,,,-2.75,2.75,,,,-2.75,2.75,,,,60.1,38.3,,,
PaddleTek,Tempest Wave Pro-C,14.3,New,,$209.99,Use Affiliate Link,10%,$188.99,https://www.paddletek.com/6xAhP5,Dual certified - USAP and UPA-A,Lifetime,Widebody,Gen-1,Cold Pressed,Peel Ply-Coarse,Toray Carbon Fiber & Fiberglass,Honeycomb polypropylene,,"2,302",0.9,-3.64,1.65,86,Elite,Tier 4,15.9,8,5.25,8.2,112.4,-0.44,-3.39,3.5,43,7.19,1.44,-3.56,2.62,81,23.7,-0.5,-3.21,3.54,40.09,66,0.57,,,-2.75,2.75,,,,-2.75,2.75,,,,59,38.4,,,
Pakle,Evolution 01,16,New,,$169.99,JOHNKEW,10%,$152.99,https://paklepickleball.com/discount/JOHNKEW7cLl?rs_ref=2aQegQcw,USAP certified,6 months,Elongated,Gen-3,Thermoformed,Peel Ply-Coarse,Carbon Fiber,Honeycomb polypropylene + EVA + expanding foam,64.82,"2,135",0.01,-3.64,1.65,69,Good,Tier 4,16.54,7.44,5.55,8.1,123.3,1.38,-3.39,3.5,69,6.25,-0.35,-3.56,2.62,52,24.6,1.16,-3.21,3.54,64.8,10,-1.48,60.8,0.4,-2.75,2.75,57,38.43,-0.11,-2.75,2.75,48,52.700,0.401,60.62,38.93,0.509,1.18,power-leaning
PAKLE,Fuse,16,New,7/7/2026,$119.00,JOHNKEW,10%,$107.10,https://paklepickleball.com/discount/JOHNKEW7cLl?rs_ref=2aQegQcw,USAP Certified,6 months,Elongated,Gen-4,Thermoformed,Peel Ply-Coarse,T700 Carbon Fiber,Full Foam (MPP + TPU + expanding foam),35.41,"2,199",0.35,-3.64,1.65,75,Good,Tier 4,16.5,7.44,5.5,7.9,117.1,0.35,-3.39,3.5,54,6.13,-0.58,-3.56,2.62,48,24.3,0.61,-3.21,3.54,56.56,37,-0.48,61.37,1,-2.75,2.75,68,39.07,0.8,-2.75,2.75,65,66.400,0.419,61.2,39.2,0.205,0.47,slightly power
Pickle Poppers,Pop N Pink,16,New,6/10/2026,$169.99,JOHNKEW,15%,$144.49,https://www.pickle-poppers.com/products/pop-n-pink-paddle-set?sca_ref=11208561.aewILkLlJIOVLx,USAP certified,1 year,Widebody,Gen-4,Thermoformed,Peel Ply-Coarse,Carbon Fiber,Full Foam (MPP + TPE + expanding foam),43.55,"2,178",0.24,-3.64,1.65,73,Good,Tier 4,15.55,7.76,5.16,7.5,96.3,-3.11,-3.39,3.5,4,6.57,0.26,-3.56,2.62,62,22.9,-1.99,-3.21,3.54,18.12,97,1.72,60.47,0.06,-2.75,2.75,51,39.27,1.07,-2.75,2.75,70,60.300,0.407,60.5,39.3,-1.019,-2.36,pop-leaning
Pickle Poppers,Pop N Treasure Elongated,16,New,7/3/2026,$179.99,JOHNKEW,15%,$152.99,https://www.pickle-poppers.com/products/pre-order-pop-n-treasure-paddle-set?sca_ref=11208561.aewILkLlJIOVLx,USAP certified,1 year,Elongated,Gen-4,Thermoformed,Coated peel-ply,Carbon fiber,Full Foam (MPP + TPE + expanding foam),45.42,"2,212",0.42,-3.64,1.65,77,Good,,16.54,7.44,5.79,8,120.7,0.96,-3.39,3.5,63,6.21,-0.42,-3.56,2.62,51,24.5,0.98,-3.21,3.54,62.05,19,-1.15,61.11,0.73,-2.75,2.75,63,38.76,0.37,-2.75,2.75,57,59.900,0.41,61,39.2,0.362,0.84,power-leaning
Pickle Poppers,Pop n' Treasure Widebody,16,New,8/26/2026,$179.99,JOHNKEW,15%,$152.99,https://www.pickle-poppers.com/collections/paddles/products/pre-order-pop-n-treasure-paddle-set-standard?sca_ref=11208561.aewILkLlJIOVLx,USAP Certified,1 year,Widebody,Gen 4,Thermoformed,Grit infused Peel Ply-Coarse,T700 Carbon Fiber,Full Foam (MPP + TPE),53.74,"2,187",0.29,-3.64,1.65,74,Good,,15.9,7.95,5.3,8.1,113.2,-0.29,-3.39,3.5,45,7.51,2.05,-3.56,2.62,91,23.8,-0.32,-3.21,3.54,42.83,60,0.34,61.51,1.15,-2.75,2.75,71,39.4,1.26,-2.75,2.75,73,72.000,0.427,60.6,38.46,-0.111,-0.26,slightly pop
Pickleball Apes,Charm S,16,New,,$199.99,JOHNKEW,10%,$179.99,https://www.pickleballapes.com/collections/charm-series?sca_ref=4876737.4JZ4MIHBSA,USAP certified,1 year,Hybrid,Gen-4,Thermoformed,Peel Ply-Coarse,Kevlar & Nylon,Full Foam (EPP + PU + expanding foam),48.52,"2,212",0.42,-3.64,1.65,77,Good,Tier 4,16.38,7.56,5.43,8.2,117.5,0.43,-3.39,3.5,55,6.55,0.22,-3.56,2.62,61,24.3,0.61,-3.21,3.54,56.56,32,-0.65,60.28,-0.15,-2.75,2.75,47,38.29,-0.31,-2.75,2.75,44,45.900,0.393,60.2,38.7,0.162,0.37,slightly power
Pickleball Apes,Charm V,16,New,,$199.99,JOHNKEW,10.00%,$179.99,https://www.pickleballapes.com/collections/charm-series?sca_ref=4876737.4JZ4MIHBSA,USAP certified,1 year,Widebody,Gen-4,Thermoformed,Peel Ply-Coarse,Kevlar & Nylon,Full Foam (EPP + PU + expanding foam),50.42,"2,190",0.3,-3.64,1.65,75,Good,Tier 4,15.79,8.11,5.39,8.2,112.4,-0.43,-3.39,3.5,43,7.61,2.24,-3.56,2.62,94,24,0.05,-3.21,3.54,48.33,63,0.47,60.27,-0.15,-2.75,2.75,47,38.62,0.16,-2.75,2.75,53,50.000,0.396,60.1,38.7,-0.311,-0.72,slightly pop
Pickleball Apes,Charm X,16,New,,$199.99,JOHNKEW,10.00%,$179.99,https://www.pickleballapes.com/collections/charm-series?sca_ref=4876737.4JZ4MIHBSA,USAP certified,1 year,Elongated,Gen-4,Thermoformed,Peel Ply-Coarse,Kevlar & Nylon,Full Foam (EPP + PU + expanding foam),48.09,"2,230",0.51,-3.64,1.65,79,Good,Tier 4,16.54,7.48,5.63,8.3,125.4,1.73,-3.39,3.5,74,6.52,0.17,-3.56,2.62,60,24.6,1.16,-3.21,3.54,64.8,7,-1.6,60.97,0.58,-2.75,2.75,60,38.47,-0.05,-2.75,2.75,49,54.800,0.404,60.3,38,62.60%,145.00%,power-leaning
Pickleball Apes,Harmony S,16,New,,$199.99,JOHNKEW,10.00%,$179.99,https://www.pickleballapes.com/?sca_ref=4876737.4JZ4MIHBSA,USAP certified,1 year,Hybrid,Gen-3,Thermoformed,Peel Ply-Coarse,T700 Carbon Fiber,Honeycomb polypropylene + EVA + expanding foam,78.12,"2,174",0.22,-3.64,1.65,73,Good,Tier 4,16.38,7.56,5.5,8,114.6,-0.06,-3.39,3.5,48,6.43,0,-3.56,2.62,58,24,0.05,-3.21,3.54,48.33,52,0.07,59.34,-1.14,-2.75,2.75,29,37.68,-1.17,-2.75,2.75,29,29.000,0.376,58.9,37.4,3.40%,8.00%,balanced
Pickleball Apes,Harmony V,16,New,,$199.99,JOHNKEW,10.00%,$179.99,https://www.pickleballapes.com/?sca_ref=4876737.4JZ4MIHBSA,USAP certified,1 year,Widebody,Gen-3,Thermoformed,Peel Ply-Coarse,T700 Carbon Fiber,Honeycomb polypropylene + EVA + expanding foam,75.94,"2,178",0.24,-3.64,1.65,73,Good,Tier 4,15.83,8.07,5.5,8,107.5,-1.24,-3.39,3.5,31,7.13,1.33,-3.56,2.62,79,23.4,-1.06,-3.21,3.54,31.85,87,1.36,59.52,-0.95,-2.75,2.75,33,38.16,-0.49,-2.75,2.75,41,36.900,0.382,59.5,37.9,-0.461,-1.07,pop-leaning
Pickleball Apes,Harmony X,16,New,,$199.99,JOHNKEW,10%,$179.99,https://www.pickleballapes.com/?sca_ref=4876737.4JZ4MIHBSA,USAP certified,1 year,Elongated,Gen-3,Thermoformed,Peel Ply-Coarse,T700 Carbon Fiber,Honeycomb polypropylene + EVA + expanding foam,79.93,"2,134",0,-3.64,1.65,69,Good,Tier 4,16.65,7.44,5.5,8.1,123.5,1.42,-3.39,3.5,70,,,-3.56,2.62,58,,,-3.21,3.54,47.56,11,-1.43,,,-2.75,2.75,,,,-2.75,2.75,,,0.377,59.6,37.5,,,
Pickleball Apes,Joy S,16.5,New,2/3/2026,$99.99,JOHNKEW,10%,$89.99,https://www.pickleballapes.com/products/joy?sca_ref=4876737.4JZ4MIHBSA,USAP Certified,1 year,Hybrid,Gen-4,Thermoformed,Peel Ply-Coarse,Kevlar & Nylon,Full Foam (EPP + EVA + expanding foam),37.95,"2,004",-0.69,-3.64,1.65,56,Fair,Tier 4,16.4,7.6,5.75,7.9,112,-0.5,-3.39,3.5,42,6.26,-0.33,-3.56,2.62,52,23.8,-0.32,-3.21,3.54,42.83,70,0.73,61.83,1.49,-2.75,2.75,77,39.44,1.33,-2.75,2.75,74,75.600,0.436,60.8,39.4,0.157,0.36,slightly power
Pickleball Apes,Joy S+,16.5,New,2/17/2026,$99.99,JOHNKEW,10%,$89.99,https://www.pickleballapes.com/products/joy?sca_ref=4876737.4JZ4MIHBSA,USAP Certified,1 year,Hybrid,Gen-4,Thermoformed,Peel Ply-Coarse,Kevlar & Nylon,Full foam (EPP with EVA Boarder),40.75,"2,015",-0.63,-3.64,1.65,57,Fair,Tier 4,16.2,7.8,5.75,7.9,111,-0.66,-3.39,3.5,40,6.63,0.38,-3.56,2.62,64,23.8,-0.32,-3.21,3.54,42.83,74,0.89,61.73,1.38,-2.75,2.75,75,39.47,1.36,-2.75,2.75,75,75.000,0.434,61,39.2,0.018,0.04,balanced
Pickleball Apes,Pro Line Energy,16.5,New,,$149.99,JOHNKEW,10%,$134.99,https://www.pickleballapes.com/?sca_ref=4876737.4JZ4MIHBSA,USAP certified,1 year,Elongated,Gen-2,Thermoformed,Peel Ply-Coarse,Kevlar & Carbon Fiber,Honeycomb polypropylene + expanding foam,,"2,081",-0.28,-3.64,1.65,64,Fair,Tier 4,17,7,6.25,8.3,122,1.17,-3.39,3.5,66,5.7,-1.39,-3.56,2.62,35,24.7,1.35,-3.21,3.54,67.54,14,-1.34,,,-2.75,2.75,,,,-2.75,2.75,,,,58.8,36.8,,,
Pickleball Apes,Pro Line Energy S,16.5,New,,$169.99,JOHNKEW,10%,$152.99,https://www.pickleballapes.com?sca_ref=4876737.4JZ4MIHBSA,USAP certified,1 year,Hybrid,Gen-2,Thermoformed,Peel Ply-Coarse,Kevlar & Carbon Fiber,Honeycomb polypropylene + expanding foam,,"2,192",0.31,-3.64,1.65,75,Good,Tier 4,16.4,7.6,5.5,8.1,118,0.5,-3.39,3.5,57,6.34,-0.18,-3.56,2.62,55,24.2,0.42,-3.21,3.54,53.82,30,-0.73,,,-2.75,2.75,,,,-2.75,2.75,,,,59.4,37.5,,,
Pickleball Apes,Pulse E,16.5,New,,$199.99,JOHNKEW,10%,$179.99,https://www.pickleballapes.com?sca_ref=4876737.4JZ4MIHBSA,USAP certified,1 year,Elongated,Gen-3,Thermoformed,Peel Ply-Coarse,Kevlar & Nylon,Honeycomb polypropylene + EVA + expanding foam,,"2,286",0.81,-3.64,1.65,84,Good,Tier 4,16.9,7.1,6,8.3,129.3,2.39,-3.39,3.5,84,5.88,-1.05,-3.56,2.62,41,24.8,1.53,-3.21,3.54,70.29,5,-1.66,,,-2.75,2.75,,,,-2.75,2.75,,,,60.2,38,,,
Pickleball Apes,Pulse S,16.5,New,,$199.99,JOHNKEW,10%,$179.99,https://www.pickleballapes.com?sca_ref=4876737.4JZ4MIHBSA,USAP certified,1 year,Hybrid,Gen-3,Thermoformed,Peel Ply-Coarse,Kevlar & Nylon,Honeycomb polypropylene + EVA + expanding foam,43.75,"2,183",0.26,-3.64,1.65,74,Good,Tier 4,16.3,7.6,5.5,8,114.4,-0.1,-3.39,3.5,48,6.26,-0.33,-3.56,2.62,52,24.1,0.24,-3.21,3.54,51.07,53,0.11,,,-2.75,2.75,,,,-2.75,2.75,,,,59.9,38.1,,,
Pickleball Apes,Pulse V,16.5,New,,$199.99,JOHNKEW,10%,$179.99,https://www.pickleballapes.com?sca_ref=4876737.4JZ4MIHBSA,USAP certified,1 year,Widebody,Gen-3,Thermoformed,Peel Ply-Coarse,Kevlar & Nylon,Honeycomb polypropylene + EVA + expanding foam,46.84,"2,160",0.14,-3.64,1.65,71,Good,Tier 4,15.8,8.1,5.5,8.2,112.5,-0.41,-3.39,3.5,43,7.47,1.97,-3.56,2.62,90,23.8,-0.32,-3.21,3.54,42.83,63,0.48,59.15,-1.34,-2.75,2.75,26,37.66,-1.2,-2.75,2.75,28,27.000,0.374,59.6,38,-0.14,-0.32,slightly pop
Pickleball Apes,Pulse X,16,New,,$199.99,JOHNKEW,10%,$199.89,https://www.pickleballapes.com?sca_ref=4876737.4JZ4MIHBSA,USAP certified,1 year,Elongated,Gen-3,Thermoformed,Peel Ply-Coarse,Kevlar & Nylon,Honeycomb polypropylene + EVA + expanding foam,,"2,184",0.27,-3.64,1.65,74,Good,Tier 4,16.5,7.5,5.5,8.1,122.4,1.24,-3.39,3.5,67,6.2,-0.44,-3.56,2.62,50,24.8,1.53,-3.21,3.54,70.29,11,-1.43,,,-2.75,2.75,,,,-2.75,2.75,,,,59.6,37.8,,,
Pickleball Apes,Zen S+,16.5,New,8/25/2026,$199.99,JOHNKEW,10%,$179.99,https://www.pickleballapes.com/products/zen-new-paddle?sca_ref=4876737.4JZ4MIHBSA,USAP Certified,1 year,Hybrid,Gen 4,Thermoformed,Peel Ply-Coarse,T700 Carbon Fiber,Full Foam,27.78,"2,333",1.06,-3.64,1.65,89,Elite,,16.2,7.8,5.75,7.8,108.3,-1.11,-3.39,3.5,33,6.93,0.95,-3.56,2.62,73,23.7,-0.5,-3.21,3.54,40.09,83,1.21,,,-2.75,2.75,,,,-2.75,2.75,,,,60.6,38.46,,,
Pickleball Apes,Joy S,16.5,New,2/3/2026,$99.99,JOHNKEW,10%,$89.99,https://www.pickleballapes.com/products/joy?sca_ref=4876737.4JZ4MIHBSA,USAP Certified,1 year,Hybrid,Gen-4,Thermoformed,Peel Ply-Coarse,Kevlar & Nylon,Full Foam (EPP + EVA + expanding foam),,"2,004",-0.69,-3.64,1.65,56,Fair,Tier 4,16.4,7.6,5.75,7.9,112,-0.5,-3.39,3.5,42,6.26,-0.33,-3.56,2.62,52,23.8,-0.32,-3.21,3.54,42.83,70,0.73,61.83,1.49,-2.75,2.75,77,39.44,1.33,-2.75,2.75,74,75.600,0.436,61.2,40.2,0.157,0.36,slightly power
Pickleball Apes,Joy S+,16.5,New,2/17/2026,$99.99,JOHNKEW,10%,$89.99,https://www.pickleballapes.com/products/joy?sca_ref=4876737.4JZ4MIHBSA,USAP Certified,1 year,Hybrid,Gen-4,Thermoformed,Peel Ply-Coarse,Kevlar & Nylon,Full Foam (EPP + EVA + expanding foam),,"2,015",-0.63,-3.64,1.65,57,Fair,Tier 4,16.2,7.8,5.75,7.9,111,-0.66,-3.39,3.5,40,6.63,0.38,-3.56,2.62,64,23.8,-0.32,-3.21,3.54,42.83,74,0.89,61.73,1.38,-2.75,2.75,75,39.47,1.36,-2.75,2.75,75,75.000,0.434,61.1,40.1,0.018,0.04,balanced
PICKLN,Alecto,16,New,1/15/2026,$199.00,JOHNKEW,10%,$179.10,https://pickln.com/products/pickln-alecto-hybrid-kevlar-thermoformed/JOHNKEW,USAP Certified,6 months,Hybrid,Gen-3,Thermoformed,Peel Ply-Coarse,DuPont Kevlar,Honeycomb polypropylene + foam,72.84,"1,746",-2.06,-3.64,1.65,30,Poor,Tier 4,16.3,7.7,5.5,7.9,117.3,0.39,-3.39,3.5,55,6.75,0.6,-3.56,2.62,67,24.5,0.98,-3.21,3.54,62.05,33,-0.65,59.68,-0.79,-2.75,2.75,36,37.96,-0.77,-2.75,2.75,36,35.900,0.382,59.2,38.2,-0.016,-0.04,balanced
PICKLN,Alecto,16,New,1/15/2026,$199.00,JOHNKEW,10%,$179.10,https://pickln.com/products/pickln-alecto-hybrid-kevlar-thermoformed/JOHNKEW,USAP Certified,6 months,Hybrid,Gen-3,Thermoformed,Peel Ply-Coarse,DuPont Kevlar,Honeycomb polypropylene + EVA + expanding foam,,"1,746",-2.06,-3.64,1.65,30,Poor,Tier 4,16.3,7.7,5.5,7.9,117.3,0.39,-3.39,3.5,55,6.75,0.6,-3.56,2.62,67,24.5,0.98,-3.21,3.54,62.05,33,-0.65,59.68,-0.79,-2.75,2.75,36,37.96,-0.77,-2.75,2.75,36,35.900,0.382,59.9,38,-0.016,-0.04,balanced
PIKKL,Hurricane Pro,16,New,,$159.99,JOHNKEW,10%,$143.99,https://pikkl.com/JOHNKEW,Dual certified - USAP and UPA-A,6 months,Widebody,Gen-2,Thermoformed,Peel Ply-Coarse,T700 Carbon Fiber,Honeycomb polypropylene + expanding foam,78.80,"2,376",1.29,-3.64,1.65,93,Elite,Tier 4,16,8,5.5,7.8,108.6,-1.07,-3.39,3.5,34,6.79,0.68,-3.56,2.62,69,23.9,-0.13,-3.21,3.54,45.58,82,1.15,57.97,-2.58,-2.75,2.75,3,36.94,-2.21,-2.75,2.75,10,6.400,0.357,57.9,37.1,-0.375,-0.87,pop-leaning
PIKKL,Hurricane Pro,14,New,,$159.99,JOHNKEW,10%,$143.99,https://pikkl.com/JOHNKEW,Dual certified - USAP and UPA-A,6 months,Widebody,Gen-2,Thermoformed,Peel Ply-Coarse,T700 Carbon Fiber,Honeycomb polypropylene + expanding foam,84.70,"2,280",0.78,-3.64,1.65,84,Good,Tier 4,16,8,5.5,7.8,107.7,-1.21,-3.39,3.5,32,6.6,0.32,-3.56,2.62,63,23.6,-0.69,-3.21,3.54,37.34,87,1.35,,,-2.75,2.75,,,,-2.75,2.75,,,,58.1,37.3,,,
PIKKL,Vantage Pro,16,New,,$139.99,JOHNKEW,10%,$125.99,https://pikkl.com/JOHNKEW,Dual certified - USAP and UPA-A,6 months,Elongated,Gen-2,Thermoformed,Peel Ply-Coarse,Carbon Fiber,Honeycomb polypropylene + expanding foam,89.10,"2,260",0.67,-3.64,1.65,82,Good,Tier 4,16.25,7.5,5.35,8.4,121.2,1.04,-3.39,3.5,64,6.64,0.39,-3.56,2.62,64,23.9,-0.13,-3.21,3.54,45.58,17,-1.21,,,-2.75,2.75,,,,-2.75,2.75,,,,58.9,36.7,,,
PIKKL,Vantage Pro,14,New,,$139.99,JOHNKEW,10%,$125.99,https://pikkl.com/JOHNKEW,Dual certified - USAP and UPA-A,6 months,Elongated,Gen-2,Thermoformed,Peel Ply-Coarse,Carbon Fiber,Honeycomb polypropylene + expanding foam,,"2,318",0.98,-3.64,1.65,87,Elite,Tier 4,16.25,7.5,5.35,7.9,111.5,-0.58,-3.39,3.5,41,6.19,-0.46,-3.56,2.62,50,23.8,-0.32,-3.21,3.54,42.83,73,0.82,,,-2.75,2.75,,,,-2.75,2.75,,,,58.7,36.9,,,
ProDrive,Drive Carbon,19,New,,$199.00,JOHNKEW,10%,$179.10,https://prodrivepickleball.com/,USAP certified,6 months,Elongated,Gen-2,Thermoformed,Peel Ply-Coarse,Toray Carbon Fiber,Honeycomb polypropylene + expanding foam,,"1,870",-1.4,-3.64,1.65,42,Poor,Tier 4,16.4,7.6,5.3,8.6,130,2.5,-3.39,3.5,86,7.24,1.54,-3.56,2.62,82,24.5,0.98,-3.21,3.54,62.05,2,-1.77,,,-2.75,2.75,,,,-2.75,2.75,,,,59.1,35.3,,,
ProDrive,Encounter,16,New,,$219.00,JOHNKEW,10%,$197.10,https://prodrivepickleball.com/,USAP certified,6 months,Elongated,Gen-2,Thermoformed,Peel Ply-Coarse,T700 Carbon Fiber,Honeycomb polypropylene + expanding foam,,"2,020",-0.6,-3.64,1.65,57,Fair,Tier 4,16.5,7.3,5.5,8.2,119.2,0.7,-3.39,3.5,59,5.49,-1.79,-3.56,2.62,29,24.1,0.24,-3.21,3.54,51.07,26,-0.89,,,-2.75,2.75,,,,-2.75,2.75,,,,60.2,36.4,,,
ProDrive,Ghost,16,New,,$189.00,JOHNKEW,10%,$170.10,https://prodrivepickleball.com/,USAP certified,6 months,Elongated,Gen-2,Thermoformed,Peel Ply-Coarse,Toray Carbon Fiber,Kevlar honeycomb + expanding foam,,"1,817",-1.68,-3.64,1.65,37,Poor,Tier 4,16.4,7.6,5.3,8,117,0.34,-3.39,3.5,54,6.73,0.57,-3.56,2.62,67,23.9,-0.13,-3.21,3.54,45.58,38,-0.44,,,-2.75,2.75,,,,-2.75,2.75,,,,59.1,37,,,
ProKennex,Black Ace Pro,10,New,,$250.00,JOHNKEW (at Pickleball Central),10%,$225.00,https://pickleballcentral.com/?oid=9&affid=7926664,Sunset (no longer legal),1 year,Widebody,Gen-2,Thermoformed-edgeless,Peel Ply,Toray Carbon Fiber,Honeycomb polypropylene + expanding foam,,"1,848",-1.51,-3.64,1.65,40,Poor,Tier 4,15.8,7.6,5.3,8.1,105,-1.66,-3.39,3.5,25,6.17,-0.5,-3.56,2.62,50,22.6,-2.54,-3.21,3.54,9.89,95,1.62,,,-2.75,2.75,,,,-2.75,2.75,,,,59,39.3,,,
PROLITE,K2 Power,14,New,,$180.00,,,$180.00,https://prolitesports.com/,USAP certified,1 year,Widebody,Gen-2,Thermoformed,Grit,Toray Carbon Fiber,Honeycomb polypropylene + expanding foam,,"1,628",-2.68,-3.64,1.65,18,Poor,Tier 4,15.7,8.1,4.75,7.8,101,-2.33,-3.39,3.5,15,6.4,-0.06,-3.56,2.62,57,22.7,-2.36,-3.21,3.54,12.63,97,1.71,,,-2.75,2.75,,,,-2.75,2.75,,,,57.5,35.5,,,
Proton,Series 3-Project Flamingo,15,New,,$280.00,Use Affiliate Link,10%,$252.00,https://pickleballcentral.com/proton-series-three-pickleball-paddle-project-flamingo/?oid=9&affid=7926664,Dual certified - USAP and UPA-A,1 year,Elongated,Gen-2,Thermoformed,Peel Ply-Coarse,T700 Carbon Fiber,Narrow cell polypropylene + expanding foam,45.17,"2,295",0.86,-3.64,1.65,85,Good,Tier 4,16.54,7.52,5.38,8,119.4,0.73,-3.39,3.5,60,6.51,0.15,-3.56,2.62,60,24.4,0.79,-3.21,3.54,59.31,22,-1.02,60.31,-0.11,-2.75,2.75,48,38.42,-0.13,-2.75,2.75,48,47.800,0.394,60.3,38.6,0.012,0.03,balanced
Proton,Series 3-Project Peacock,15,New,,$280.00,Use Affiliate Link,10%,$252.00,https://pickleballcentral.com/proton-series-three-project-peacock-15mm-elongated-pickleball-paddle/?oid=9&affid=7926664,Dual certified - USAP and UPA-A,1 year,Elongated,Gen-4,Thermoformed,Peel Ply-Coarse,T700 Carbon Fiber,Full Foam (EPP + EVA + expanding foam),45.03,"2,190",0.3,-3.64,1.65,75,Good,Tier 4,16.34,7.56,5.16,8,117.7,0.45,-3.39,3.5,56,6.44,0.01,-3.56,2.62,58,24.5,0.98,-3.21,3.54,62.05,31,-0.72,59.88,-0.57,-2.75,2.75,40,38.15,-0.5,-2.75,2.75,41,40.300,0.386,60.5,38.3,-0.067,-0.16,balanced
Proton,Series Four,15,New,,$300.00,JOHNKEW,10%,$270.00,https://pickleballcentral.com/?oid=9&affid=7926664,Dual certified - USAP and UPA-A,1 year,Elongated,Gen-2,Thermoformed,Peel Ply-Coarse,3K Kevlar-Carbon Fiber Weave,Honeycomb polypropylene + expanding foam,,"2,114",-0.1,-3.64,1.65,67,Good,Tier 4,16.5,7.5,5.5,8,116.4,0.23,-3.39,3.5,53,5.61,-1.56,-3.56,2.62,32,24.1,0.24,-3.21,3.54,51.07,42,-0.3,,,-2.75,2.75,,,,-2.75,2.75,,,,59.9,37.4,,,
Proton,Series One-Type A,15,New,,$280.00,JOHNKEW,10%,$252.00,https://pickleballcentral.com/?oid=9&affid=7926664,Dual certified - USAP and UPA-A,1 year,Widebody,Gen-1,Cold Pressed,NanoTac,Carbon Fiber,Honeycomb polypropylene,,"2,276",0.76,-3.64,1.65,83,Good,Tier 1,15.75,8.25,5.25,8.4,119.1,0.68,-3.39,3.5,59,7.2,1.46,-3.56,2.62,81,23.9,-0.13,-3.21,3.54,45.58,25,-0.95,58.73,-1.79,-2.75,2.75,18,37.15,-1.92,-2.75,2.75,15,16.300,0.365,58.6,37.2,0.135,0.31,slightly power
Proton,Series One-Type A,11,New,,$280.00,JOHNKEW,10%,$252.00,https://pickleballcentral.com/?oid=9&affid=7926664,Dual certified - USAP and UPA-A,1 year,Widebody,Gen-1,Cold Pressed,NanoTac,Carbon Fiber,Honeycomb polypropylene,,"2,112",-0.11,-3.64,1.65,67,Good,Tier 1,15.75,8.25,5.25,8.1,114.5,-0.08,-3.39,3.5,48,6.75,0.6,-3.56,2.62,67,24.1,0.24,-3.21,3.54,51.07,52,0.05,,,-2.75,2.75,,,,-2.75,2.75,,,,58.3,37.3,,,
Proton,Series One-Type B,15,New,,$280.00,JOHNKEW,10%,$252.00,https://pickleballcentral.com/?oid=9&affid=7926664,Dual certified - USAP and UPA-A,1 year,Elongated,Gen-1,Thermoformed,NanoTac,Carbon Fiber,Kevlar Honeycomb,,"2,336",1.08,-3.64,1.65,89,Elite,Tier 4,16.75,7.25,5.25,8.8,129.6,2.44,-3.39,3.5,85,6.55,0.22,-3.56,2.62,61,24.3,0.61,-3.21,3.54,56.56,4,-1.68,,,-2.75,2.75,,,,-2.75,2.75,,,,59.6,36.1,,,
Proton,Series Three,15.6,New,,$240.00,JOHNKEW,10%,$216.00,https://pickleballcentral.com/?oid=9&affid=7926664,Dual certified - USAP and UPA-A,1 year,Elongated,Gen-2,Thermoformed,Peel Ply-Coarse,Carbon Fiber,Honeycomb polypropylene + expanding foam,,"1,755",-2.01,-3.64,1.65,31,Poor,Tier 4,16.5,7.5,5.38,8.2,122.5,1.25,-3.39,3.5,67,6.72,0.55,-3.56,2.62,66,24.5,0.98,-3.21,3.54,62.05,10,-1.48,,,-2.75,2.75,,,,-2.75,2.75,,,,59.6,35.6,,,
Proton,Series Two,16.2,New,,$220.00,JOHNKEW,10%,$198.00,https://pickleballcentral.com/?oid=9&affid=7926664,Dual certified - USAP and UPA-A,1 year,Elongated,Gen-2,Thermoformed-edgeless,Grit,Carbon Fiber,Honeycomb polypropylene + expanding foam,,"1,818",-1.67,-3.64,1.65,37,Poor,Tier 4,16.5,7.5,5.38,8.3,120.6,0.93,-3.39,3.5,63,5.98,-0.86,-3.56,2.62,44,24.2,0.42,-3.21,3.54,53.82,21,-1.08,,,-2.75,2.75,,,,-2.75,2.75,,,,56.6,36.3,,,
ProXR,Connor Garnett,14,New,,$209.99,JOHNKEW,10%,$188.99,https://pickleballcentral.com/?oid=9&affid=7926664,Dual certified - USAP and UPA-A,Lifetime,Elongated,Gen-2,Thermoformed,Peel Ply-Coarse,T700 Carbon Fiber,Honeycomb polypropylene + expanding foam,,"2,163",0.16,-3.64,1.65,72,Good,Tier 4,16.5,7.5,6,8.2,110,-0.83,-3.39,3.5,37,5.52,-1.73,-3.56,2.62,30,22.5,-2.73,-3.21,3.54,7.14,82,1.18,,,-2.75,2.75,,,,-2.75,2.75,,,,58.6,36.9,,,
ProXR,Jolt,13,New,1/4/2026,$119.99,JOHNKEW,10%,$107.99,https://pickleballcentral.com/proxr-jolt-signature-pickleball-paddle/?oid=9&affid=7926664,USAP Certified,6 months,Elongated,Gen-3,Thermoformed,Peel Ply-Coarse,T700 Carbon Fiber,Honeycomb polypropylene + foam,,"2,216",0.44,-3.64,1.65,77,Good,Tier 4,16.5,7.5,6,8,115.5,0.08,-3.39,3.5,50,5.46,-1.85,-3.56,2.62,28,23.8,-0.32,-3.21,3.54,42.83,50,-0.02,59.71,-0.75,-2.75,2.75,36,38.1,-0.58,-2.75,2.75,39,37.900,0.383,59.4,38.5,-0.173,-0.4,slightly pop
ProXR,Signature,16,New,,$209.99,JOHNKEW,10%,$188.99,https://pickleballcentral.com/?oid=9&affid=7926664,Dual certified - USAP and UPA-A,Lifetime,Elongated,Gen-2,Thermoformed,Peel Ply-Coarse,T700 Carbon Fiber,Honeycomb polypropylene + expanding foam,,"2,264",0.69,-3.64,1.65,82,Good,Tier 4,16.46,7.5,6,8.4,116.3,0.23,-3.39,3.5,53,5.77,-1.26,-3.56,2.62,37,23.2,-1.43,-3.21,3.54,26.36,45,-0.19,,,-2.75,2.75,,,,-2.75,2.75,,,,59.3,37.1,,,
ProXR,Sweet Spot,16,New,,$209.99,JOHNKEW,10%,$188.99,https://pickleballcentral.com/?oid=9&affid=7926664,Dual certified - USAP and UPA-A,Lifetime,Widebody,Gen-2,Thermoformed,Peel Ply-Coarse,T700 Carbon Fiber,Honeycomb polypropylene + expanding foam,,"2,169",0.19,-3.64,1.65,72,Good,Tier 4,15.98,8,5.25,8.4,115.6,0.11,-3.39,3.5,51,6.98,1.04,-3.56,2.62,74,23.5,-0.87,-3.21,3.54,34.6,46,-0.14,,,-2.75,2.75,,,,-2.75,2.75,,,,57.7,37.2,,,
ProXR,"Zane Navratil ""The Standard""",14,New,,$209.99,JOHNKEW,10%,$188.99,https://pickleballcentral.com/?oid=9&affid=7926664,Dual certified - USAP and UPA-A,Lifetime,Widebody,Gen-2,Thermoformed,Peel Ply-Coarse,T700 Carbon Fiber,Honeycomb polypropylene + expanding foam,,"2,260",0.67,-3.64,1.65,82,Good,Tier 4,16,8,5.25,8.2,107,-1.33,-3.39,3.5,30,6.92,0.93,-3.56,2.62,73,22.7,-2.36,-3.21,3.54,12.63,91,1.48,,,-2.75,2.75,,,,-2.75,2.75,,,,58.1,36.6,,,
Reload,RLD 1-14,14,New,,$200.00,JOHNKEW,10%,$180.00,https://reloadpickleball.com/johnkew,USAP certified,Lifetime,Elongated,Gen-2,Thermoformed,Peel Ply-Coarse,Carbon Fiber,Honeycomb polypropylene + expanding foam,,"2,122",-0.06,-3.64,1.65,68,Good,Tier 4,16.42,7.48,5.51,7.9,118.1,0.53,-3.39,3.5,57,6.07,-0.69,-3.56,2.62,46,24.8,1.53,-3.21,3.54,70.29,28,-0.82,59.22,-1.27,-2.75,2.75,27,37.76,-1.05,-2.75,2.75,31,28.900,0.375,58.6,37.8,-0.214,-0.49,slightly pop
Reload,RLD 1-14,14,New,1/15/2026,$200.00,JOHNKEW,10%,$180.00,https://www.reloadpaddle.com/?bg_ref=tudzwgm11I&variant=45469608771805,USAP Certified,6 months,Hybrid,Gen-2,Thermoformed,Peel Ply-Coarse,T700/T800 Carbon Fiber,Honeycomb polypropylene,,"2,012",-0.64,-3.64,1.65,57,Fair,Tier 4,16.5,7.5,5.5,7.9,121.7,1.12,-3.39,3.5,66,6.68,0.47,-3.56,2.62,65,24.6,1.16,-3.21,3.54,64.8,13,-1.38,59.03,-1.47,-2.75,2.75,23,37.55,-1.36,-2.75,2.75,25,24.300,0.371,58.8,37.2,-0.113,-0.26,slightly pop
Reload,RLD 1-16,16,New,,$200.00,JOHNKEW,10%,$180.00,https://reloadpickleball.com/johnkew,USAP certified,Lifetime,Elongated,Gen-2,Thermoformed,Peel Ply-Coarse,T700 Carbon Fiber,Honeycomb polypropylene + expanding foam,,"2,108",-0.13,-3.64,1.65,66,Good,Tier 4,16.5,7.5,5.5,8.3,125.7,1.78,-3.39,3.5,75,6.54,0.2,-3.56,2.62,61,24.6,1.16,-3.21,3.54,64.8,6,-1.62,,,-2.75,2.75,,,,-2.75,2.75,,,,58.8,37.6,,,
Reload,RLD-1,14,New,1/15/2026,$200.00,JOHNKEW,10%,$180.00,https://www.reloadpaddle.com/?bg_ref=tudzwgm11I&variant=45469608771805,USAP Certified,6 months,Hybrid,Gen-2,Thermoformed,Peel Ply-Coarse,T700/T800 Carbon Fiber,Honeycomb polypropylene + expanding foam,64.30,"2,012",-0.64,-3.64,1.65,57,Fair,Tier 4,16.5,7.5,5.5,7.9,121.7,1.12,-3.39,3.5,66,6.68,0.47,-3.56,2.62,65,24.6,1.16,-3.21,3.54,64.8,13,-1.38,59.03,-1.47,-2.75,2.75,23,37.55,-1.36,-2.75,2.75,25,24.300,0.371,59,36.8,-0.113,-0.26,slightly pop
Revolin,Revo Pro Pure Hybrid,16,New,,$219.99,JOHNKEW,10%,$197.99,https://revolinsports.com/,USAP certified,1 year,Hybrid,Gen-1,Cold Pressed,Peel Ply-Coarse,Basalt epoxy,Honeycomb polypropylene,,"2,189",0.3,-3.64,1.65,74,Good,,15.91,7.8,5.25,8.1,104.5,-1.75,-3.39,3.5,24,6.44,0.01,-3.56,2.62,58,22.7,-2.36,-3.21,3.54,12.63,94,1.61,,,-2.75,2.75,,,,-2.75,2.75,,,,59.9,36,,,
Revolin,Revo Pro Reach Hybrid,16,New,,$219.99,JOHNKEW,10%,$197.99,https://pickleballcentral.com/?oid=9&affid=7926664,USAP certified,1 year,Hybrid,Gen-1,Cold Pressed,Peel Ply-Coarse,Basalt epoxy,Honeycomb polypropylene,,"2,034",-0.53,-3.64,1.65,59,Fair,,16.42,7.3,6,8,107.8,-1.19,-3.39,3.5,32,5.54,-1.7,-3.56,2.62,30,23,-1.8,-3.21,3.54,20.87,90,1.46,,,-2.75,2.75,,,,-2.75,2.75,,,,60.4,35.7,,,
Revolin,Revo Reach Control,16,New,,$189.00,,,$189.00,https://pickleballcentral.com/?oid=9&affid=7926664,USAP certified,1 year,Elongated,Gen-1,Cold Pressed,Grit,Flax & Hemp,Honeycomb polypropylene,,"1,056",-5.72,-3.64,1.65,0,Poor,Tier 4,16.5,7.5,5.5,7.9,,,-3.39,3.5,49,,,-3.56,2.62,58,,,-3.21,3.54,47.56,,,,,-2.75,2.75,,,,-2.75,2.75,,,,,,,,
Rokne,Republic 2.16 Standard,16,New,,$209.99,JOHNKEW,10%,$188.99,https://roknepickleball.com/?sca_ref=4872855.4CNhS2nN8J,USAP certified,6 months,Hybrid,Gen-1,Cold Pressed,Grit,Mitsubishi T700 Carbon Fiber,Honeycomb polypropylene,,"1,176",-5.08,-3.64,1.65,0,Poor,Tier 4,16.25,7.5,5.5,8.4,126.2,1.86,-3.39,3.5,76,6.5,0.13,-3.56,2.62,60,24.6,1.16,-3.21,3.54,64.8,6,-1.64,,,-2.75,2.75,,,,-2.75,2.75,,,,58.2,36.1,,,
Ronbus,EV1.16,16,New,,$180.00,JOHNKEW,$20,$160.00,https://www.ronbus.com/,None,6 months,Elongated,Gen-4,Cold Pressed,Grit,Unknown,EVA foam,,"1,148",-5.23,-3.64,1.65,0,Poor,Tier 4,16.4,7.4,5.25,8.1,117,0.34,-3.39,3.5,54,5.94,-0.94,-3.56,2.62,42,23.8,-0.32,-3.21,3.54,42.83,41,-0.34,,,-2.75,2.75,,,,-2.75,2.75,,,,64.3,37.5,,,
Ronbus,NOVA R1,16,New,,$180.00,JOHNKEW,$20,$160.00,https://www.ronbus.com/,USAP certified,6 months,Elongated,Gen-2,Thermoformed,Peel Ply-Fine,Toray Carbon Fiber,Honeycomb polypropylene + expanding foam,,"2,089",-0.23,-3.64,1.65,64,Fair,Tier 4,16.5,7.5,5.5,7.7,115,0,-3.39,3.5,49,5.72,-1.35,-3.56,2.62,36,24.5,0.98,-3.21,3.54,62.05,51,0.02,,,-2.75,2.75,,,,-2.75,2.75,,,,58.7,36.7,,,
Ronbus,NOVA R2,16,New,,$180.00,JOHNKEW,$20,$160.00,https://www.ronbus.com/,USAP certified,6 months,Widebody,Gen-2,Thermoformed,Peel Ply-Coarse,Toray Carbon Fiber,Honeycomb polypropylene + expanding foam,,"2,127",-0.03,-3.64,1.65,68,Good,Tier 4,16,8,5.5,7.9,108.4,-1.1,-3.39,3.5,33,6.58,0.28,-3.56,2.62,62,23.6,-0.69,-3.21,3.54,37.34,84,1.24,57.94,-2.62,-2.75,2.75,2,36.82,-2.39,-2.75,2.75,7,4.500,0.355,58.6,37.3,-0.237,-0.55,slightly pop
Ronbus,NOVA R3,16,New,,$180.00,JOHNKEW,$20,$160.00,https://www.ronbus.com/,USAP certified,6 months,Elongated,Gen-2,Thermoformed,Peel Ply-Fine,Toray Carbon Fiber,Honeycomb polypropylene + expanding foam,,"2,068",-0.35,-3.64,1.65,62,Fair,Tier 4,16.5,7.5,5.5,8.1,121,1,-3.39,3.5,64,6.1,-0.63,-3.56,2.62,47,24.4,0.79,-3.21,3.54,59.31,18,-1.17,,,-2.75,2.75,,,,-2.75,2.75,,,,58.9,36.7,,,
Ronbus,Pulsar FX.R1,16,New,,$180.00,JOHNKEW,$20,$160.00,https://www.ronbus.com/,USAP certified,6 months,Elongated,Gen-2,Thermoformed,Peel Ply-Coarse,Toray Carbon Fiber,Honeycomb polypropylene + expanding foam,,"2,264",0.69,-3.64,1.65,82,Good,Tier 4,16.5,7.5,5.5,8.2,121.2,1.03,-3.39,3.5,64,6.21,-0.42,-3.56,2.62,51,24.4,0.79,-3.21,3.54,59.31,17,-1.22,,,-2.75,2.75,,,,-2.75,2.75,,,,59.5,37.3,,,
Ronbus,Pulsar FX.R2,16,New,,$180.00,JOHNKEW,$20,$160.00,https://www.ronbus.com/,USAP certified,6 months,Widebody,Gen-2,Thermoformed,Peel Ply-Coarse,Toray Carbon Fiber,Honeycomb polypropylene + expanding foam,,"2,177",0.23,-3.64,1.65,73,Good,Tier 4,16,8,5.5,8.2,114.1,-0.14,-3.39,3.5,47,7.09,1.25,-3.56,2.62,78,23.4,-1.06,-3.21,3.54,31.85,56,0.2,,,-2.75,2.75,,,,-2.75,2.75,,,,58.1,38.2,,,
Ronbus,Pulsar FX.R3,16,New,,$180.00,JOHNKEW,$20,$160.00,https://www.ronbus.com/,USAP certified,6 months,Elongated,Gen-2,Thermoformed,Peel Ply-Coarse,Toray Carbon Fiber,Honeycomb polypropylene + expanding foam,,"2,230",0.51,-3.64,1.65,79,Good,Tier 4,16.5,7.5,5.5,8.1,121.8,1.13,-3.39,3.5,66,6.21,-0.42,-3.56,2.62,51,24.6,1.16,-3.21,3.54,64.8,14,-1.35,,,-2.75,2.75,,,,-2.75,2.75,,,,59.1,37.8,,,
Ronbus,Pulsar R1,16,New,,$180.00,JOHNKEW,$20,$160.00,https://www.ronbus.com/,USAP certified,6 months,Elongated,Gen-2,Thermoformed,Peel Ply-Fine,Toray Carbon Fiber,Honeycomb polypropylene + expanding foam,,"1,915",-1.16,-3.64,1.65,47,Fair,Tier 4,16.5,7.5,5.5,7.9,116,0.17,-3.39,3.5,52,6.21,-0.42,-3.56,2.62,51,23.9,-0.13,-3.21,3.54,45.58,45,-0.21,,,-2.75,2.75,,,,-2.75,2.75,,,,58.2,37,,,
Ronbus,Pulsar R3,16,New,,$180.00,JOHNKEW,$20,$160.00,https://www.ronbus.com/,USAP certified,6 months,Elongated,Gen-2,Thermoformed,Peel Ply-Fine,Toray Carbon Fiber,Honeycomb polypropylene + expanding foam,,"1,970",-0.87,-3.64,1.65,52,Fair,Tier 4,16.5,7.5,5.5,8.3,125,1.67,-3.39,3.5,73,6.47,0.07,-3.56,2.62,59,23.8,-0.32,-3.21,3.54,42.83,10,-1.47,,,-2.75,2.75,,,,-2.75,2.75,,,,58.5,36.8,,,
Ronbus,Quanta Pro R2.16,16,New,8/8/2026,$119.00,JOHNKEW,$20,$99.00,https://ronbus.com/collections/quanta-series/products/quanta-pro-r2-16,USAP Certified,6 months,Widebody,Gen 4,Thermoformed,Peel Ply-Coarse,T700 Carbon Fiber,Full Foam (EPP + EVA Ring),30.46,"2,231",0.52,-3.64,1.65,79,Good,,15.91,7.8,5.4,7.9,109.7,-0.88,-3.39,3.5,36,7.23,1.52,-3.56,2.62,82,23.7,-0.5,-3.21,3.54,40.09,78,1.03,61.71,1.36,-2.75,2.75,75,39.64,1.6,-2.75,2.75,79,76.900,0.437,60.6,38.46,-0.239,-0.55,slightly pop
Ronbus,Quanta Pro R3.16,16,New,8/8/2026,$119.00,JOHNKEW,$20,$99.00,https://ronbus.com/collections/quanta-series/products/quanta-pro-r3-16,USAP Certified,6 months,Elongated,Gen 4,Thermoformed,Peel Ply-Coarse,T700 Carbon Fiber,Full Foam (EPP + EVA Ring),27.97,"2,204",0.38,-3.64,1.65,76,Good,,16.46,7.32,5.3,7.9,118.3,0.56,-3.39,3.5,57,6.32,-0.21,-3.56,2.62,54,24.6,1.16,-3.21,3.54,64.8,27,-0.87,61.49,1.13,-2.75,2.75,71,39.16,0.92,-2.75,2.75,67,68.700,0.423,60.6,38.46,0.215,0.5,slightly power
Ronbus,Quanta Pro R4.16,16,New,8/8/2026,$119.00,JOHNKEW,$20,$99.00,https://ronbus.com/collections/quanta-series/products/quanta-r4-16,USAP Certified,6 months,Hybrid,Gen 4,Thermoformed,Peel Ply-Coarse,T700 Carbon Fiber,Full Foam (EPP + EVA Ring),43.47,"2,228",0.5,-3.64,1.65,78,Good,,16.22,7.52,5.4,7.9,113,-0.34,-3.39,3.5,44,6.49,0.11,-3.56,2.62,59,24.1,0.24,-3.21,3.54,51.07,61,0.4,61.51,1.15,-2.75,2.75,71,39.35,1.19,-2.75,2.75,72,71.300,0.427,60.6,38.46,-0.035,-0.08,balanced
Ronbus,Quanta R1.16,16,New,,$119.99,JOHNKEW,$20,$99.99,https://www.ronbus.com/Quanta-R116-_p_175.html,USAP certified,6 months,Elongated,Gen-4,Thermoformed,Peel Ply-Coarse,Toray Carbon Fiber,Full Foam (EPP + EVA + TPE + expanding foam),40.30,"2,184",0.27,-3.64,1.65,74,Good,Tier 4,16.54,7.44,5.59,7.7,110.2,-0.8,-3.39,3.5,38,5.74,-1.32,-3.56,2.62,36,23.9,-0.13,-3.21,3.54,45.58,78,1.03,60.78,0.38,-2.75,2.75,57,38.87,0.52,-2.75,2.75,59,58.200,0.407,60.4,38.9,-0.142,-0.33,slightly pop
Ronbus,Quanta R2.16,16,New,,$119.99,JOHNKEW,$20,$99.99,https://www.ronbus.com/Quanta-R216-_p_176.html,USAP certified,6 months,Widebody,Gen-4,Thermoformed,Peel Ply-Coarse,Toray Carbon Fiber,Full Foam (EPP + EVA + TPE + expanding foam),50.35,"2,144",0.06,-3.64,1.65,70,Good,Tier 4,15.94,7.95,5.63,7.8,103.4,-1.93,-3.39,3.5,21,6.27,-0.31,-3.56,2.62,53,23.3,-1.25,-3.21,3.54,29.11,96,1.66,60.14,-0.3,-2.75,2.75,45,38.67,0.24,-2.75,2.75,54,49.400,0.395,60.2,38.9,-0.536,-1.24,pop-leaning
Ronbus,Quanta R3.16,16,New,,$119.99,JOHNKEW,$20,$99.99,https://www.ronbus.com/Quanta-R316-_p_177.html,USAP certified,6 months,Elongated,Gen-4,Thermoformed,Peel Ply-Coarse,Toray Carbon Fiber,Full Foam (EPP + EVA + TPE + expanding foam),39.11,"2,158",0.13,-3.64,1.65,71,Good,Tier 4,16.5,7.44,5.59,7.7,110.4,-0.76,-3.39,3.5,38,5.73,-1.34,-3.56,2.62,36,23.9,-0.13,-3.21,3.54,45.58,78,1.01,59.95,-0.5,-2.75,2.75,41,38.26,-0.35,-2.75,2.75,44,42.300,0.388,60.1,38.69,-0.152,-0.35,slightly pop
Ronbus,Quanta R4.16,16,New,,$119.99,JOHNKEW,$20,$99.99,https://www.ronbus.com/Quanta-R416-_p_178.html,USAP certified,6 months,Hybrid,Gen-4,Thermoformed,Peel Ply-Coarse,Toray Carbon Fiber,Full Foam (EPP + EVA + TPE + expanding foam),45.96,"2,130",-0.02,-3.64,1.65,68,Good,Tier 4,16.18,7.68,5.63,7.7,105.6,-1.56,-3.39,3.5,27,5.9,-1.01,-3.56,2.62,41,23.5,-0.87,-3.21,3.54,34.6,94,1.6,59.86,-0.59,-2.75,2.75,39,38.37,-0.2,-2.75,2.75,46,42.800,0.388,60,38.6,-0.392,-0.91,pop-leaning
Ronbus,Quanta R5.16,16,New,,$119.99,JOHNKEW,$20,$99.99,https://www.ronbus.com/Quanta-R516_p_179.html,USAP certified,6 months,Widebody,Gen-4,Thermoformed,Peel Ply-Coarse,Toray Carbon Fiber,Full Foam (EPP + EVA + TPE + expanding foam),,"2,114",-0.1,-3.64,1.65,67,Good,Tier 4,15.94,7.95,5.59,7.7,103.6,-1.89,-3.39,3.5,22,6.18,-0.48,-3.56,2.62,50,23.2,-1.43,-3.21,3.54,26.36,95,1.65,59.33,-1.15,-2.75,2.75,29,38.06,-0.64,-2.75,2.75,38,33.800,0.379,59.6,38.5,-0.512,-1.19,pop-leaning
Ronbus,R1.16,16,New,,$120.00,JOHNKEW,$20,$100.00,https://www.ronbus.com/,USAP certified,6 months,Elongated,Gen-1,Cold Pressed,Peel Ply-Coarse,Toray Carbon Fiber,Honeycomb polypropylene,,"2,307",0.92,-3.64,1.65,86,Elite,Tier 4,16.5,7.5,5.5,8.1,117,0.34,-3.39,3.5,54,6.2,-0.44,-3.56,2.62,50,,,-3.21,3.54,47.56,39,-0.41,,,-2.75,2.75,,,,-2.75,2.75,,,,,,,,
Ronbus,Refoam R1.14,14,New,,TBD,JOHNKEW,10%,TBD,https://www.ronbus.com/,USAP certified,6 months,Elongated,Gen-4,Thermoformed,Peel Ply-Coarse,Toray Carbon Fiber,Full Foam (MPP center with EVA inserts),53.38,"2,185",0.27,-3.64,1.65,74,Good,Tier 4,16.46,7.56,5.5,7.7,117.7,0.45,-3.39,3.5,56,6.28,-0.29,-3.56,2.62,53,24.3,0.61,-3.21,3.54,56.56,32,-0.67,59.94,-0.51,-2.75,2.75,41,38.34,-0.24,-2.75,2.75,46,43.200,0.389,60.1,38.8,-0.27,-0.63,slightly pop
Ronbus,Refoam R4.14,14,New,,TBD,JOHNKEW,10%,TBD,https://www.ronbus.com/,USAP certified,6 months,Hybrid,Gen-4,Thermoformed,Peel Ply-Coarse,Toray Carbon Fiber,Full Foam (MPP center with EVA inserts),53.17,"2,215",0.43,-3.64,1.65,77,Good,Tier 4,,,,7.7,114.1,-0.15,-3.39,3.5,47,6.59,0.3,-3.56,2.62,62,24,0.05,-3.21,3.54,48.33,55,0.17,59.56,-0.91,-2.75,2.75,33,38.21,-0.42,-2.75,2.75,42,37.800,0.383,60.1,38.6,-0.488,-1.13,pop-leaning
Ronbus,Ripple V2-R1,14,New,,$280.00,JOHNKEW,$20,$260.00,https://www.ronbus.com/,None,6 months,Elongated,Gen-3,Thermoformed,Peel Ply-Coarse,Toray Carbon Fiber,Carbon fiber + EVA + expanding foam,42.54,"2,104",-0.16,-3.64,1.65,66,Good,Tier 4,16.5,7.4,5.5,8.2,124.9,1.64,-3.39,3.5,73,5.87,-1.07,-3.56,2.62,40,25,1.91,-3.21,3.54,75.78,8,-1.54,61.31,0.94,-2.75,2.75,67,38.92,0.58,-2.75,2.75,61,63.900,0.416,61.8,39.3,0.363,0.84,power-leaning
Ronbus,Ripple V2-R2,14,New,,$280.00,JOHNKEW,$20,$260.00,https://www.ronbus.com/,None,6 months,Widebody,Gen-3,Thermoformed,Peel Ply-Coarse,Toray Carbon Fiber,Carbon fiber + EVA + expanding foam,38.84,"2,116",-0.09,-3.64,1.65,67,Good,Tier 4,15.91,7.87,5.5,8.2,117.8,0.48,-3.39,3.5,56,6.64,0.39,-3.56,2.62,64,24.3,0.61,-3.21,3.54,56.56,30,-0.76,61.47,1.11,-2.75,2.75,70,39.33,1.16,-2.75,2.75,71,70.600,0.425,61.3,39.5,-0.052,-0.12,balanced
Ronbus,Ripple V2-R4,14,New,,$280.00,JOHNKEW,$20,$260.00,https://www.ronbus.com/,None,6 months,Hybrid,Gen-3,Thermoformed,Peel Ply-Coarse,Toray Carbon Fiber,Carbon fiber + EVA + expanding foam,44.47,"2,131",-0.01,-3.64,1.65,69,Good,Tier 4,16.22,7.68,5.5,8,115.9,0.16,-3.39,3.5,51,5.86,-1.09,-3.56,2.62,40,24.4,0.79,-3.21,3.54,59.31,44,-0.23,,,-2.75,2.75,,,,-2.75,2.75,,,,61.63,39.4,,,
Ronbus,Tenon R1.16,16,New,7/3/2026,$169.00,JOHNKEW,$20,$149.00,https://ronbus.com/collections/tenon-series,USAP certified,6 months,Elongated,Gen-4,Thermoformed,Grit-infused peel ply,Toray Carbon Fiber,Full Foam (EPP + EVA + expanding foam),35.42,"2,235",0.54,-3.64,1.65,79,Good,Tier 3,16.42,7.48,5.51,7.9,113.6,-0.24,-3.39,3.5,46,5.95,-0.92,-3.56,2.62,43,24.3,0.61,-3.21,3.54,56.56,59,0.31,61.04,0.65,-2.75,2.75,62,38.95,0.62,-2.75,2.75,61,61.600,0.412,61.2,38.6,0.027,0.06,balanced
Ronbus,Tenon R2.16,16,New,7/3/2026,$169.00,JOHNKEW,$20,$149.00,https://ronbus.com/collections/tenon-series,USAP certified,6 months,Widebody,Gen-4,Thermoformed,Grit-infused peel ply,Toray Carbon Fiber,Full Foam (EPP + EVA + expanding foam),40.98,"2,246",0.6,-3.64,1.65,80,Good,Tier 3,15.94,7.91,5.47,8,110.1,-0.81,-3.39,3.5,37,6.54,0.2,-3.56,2.62,61,23.8,-0.32,-3.21,3.54,42.83,77,0.98,61.24,0.87,-2.75,2.75,66,39.24,1.03,-2.75,2.75,69,67.300,0.419,61.2,38.9,-0.164,-0.38,slightly pop
Ronbus,Tenon R3.16,16,New,7/20/0202,$169.00,JOHNKEW,$20,$149.00,https://ronbus.com/collections/tenon-series,USAP certified,6 months,Elongated,Gen-4,Thermoformed,Grit-infused peel ply,Toray Carbon Fiber,Full Foam (EPP + EVA + expanding foam),38.76,"2,201",0.36,-3.64,1.65,76,Good,Tier 3,16.46,7.4,5.51,8.1,121,1,-3.39,3.5,64,6.12,-0.59,-3.56,2.62,48,24.6,1.16,-3.21,3.54,64.8,18,-1.2,61.13,0.75,-2.75,2.75,64,38.74,0.34,-2.75,2.75,56,59.900,0.41,61.4,38.5,0.411,0.95,power-leaning
Ronbus,Tenon R4.16,16,New,7/20/0202,$169.00,JOHNKEW,$20,$149.00,https://ronbus.com/collections/tenon-series,USAP certified,6 months,Hybrid,Gen-4,Thermoformed,Grit-infused peel ply,Toray Carbon Fiber,Full Foam (EPP + EVA + expanding foam),43.16,"2,239",0.56,-3.64,1.65,79,Good,Tier 3,16.26,7.64,5.51,7.9,112.7,-0.38,-3.39,3.5,44,6.21,-0.42,-3.56,2.62,51,24.2,0.42,-3.21,3.54,53.82,63,0.47,61.06,0.67,-2.75,2.75,62,39.01,0.72,-2.75,2.75,63,62.600,0.413,61.2,38.8,-0.048,-0.11,balanced
RPM,Friction Pro,16,New,,$249.99,JOHNKEW,10%,$224.99,https://rpmpb.com/JOHNKEW,USAP certified,6 months,Elongated,Gen-3,Thermoformed,Peel Ply-Coarse,Carbon Fiber,Honeycomb polypropylene + EVA + expanding foam,46.01,"2,225",0.49,-3.64,1.65,78,Good,Tier 4,16.46,7.36,5.59,7.7,115.2,0.04,-3.39,3.5,50,6.15,-0.54,-3.56,2.62,49,24.5,0.98,-3.21,3.54,62.05,47,-0.12,60.64,0.24,-2.75,2.75,54,38.71,0.29,-2.75,2.75,55,54.800,0.403,61.39,38.1,-0.056,-0.13,balanced
RPM,Q2 Elongated 16,16,New,,$249.99,JOHNKEW,15%,$212.49,https://rpmpb.com/JOHNKEW,USAP certified,Lifetime,Elongated,Gen-4,Thermoformed,Peel Ply-Coarse,Carbon Fiber,Full Foam (EPP + EVA + TPU + TPE + expanding foam),34.07,"2,361",1.21,-3.64,1.65,92,Elite,Tier 4,16.5,7.44,5.43,7.8,114.6,-0.06,-3.39,3.5,48,6.02,-0.78,-3.56,2.62,45,24.2,0.42,-3.21,3.54,53.82,53,0.09,61.61,1.26,-2.75,2.75,73,39.3,1.12,-2.75,2.75,70,71.600,0.428,62.6,39.2,0.139,0.32,slightly power
RPM,Q2 Widebody 14,14,New,,$249.99,JOHNKEW,15%,$212.49,https://rpmpb.com/JOHNKEW,USAP certified,Lifetime,Widebody,Gen-4,Thermoformed,Peel Ply-Coarse,Carbon Fiber,Full Foam (EPP + EVA + TPU + TPE + expanding foam),34.82,"2,359",1.2,-3.64,1.65,91,Elite,Tier 4,16.02,7.95,5.4,7.8,105.7,-1.55,-3.39,3.5,27,6.92,0.93,-3.56,2.62,73,23.5,-0.87,-3.21,3.54,34.6,91,1.5,,,-2.75,2.75,,,,-2.75,2.75,,,,61.8,39.5,,,
RPM,Q2 Widebody 16,16,New,,$249.99,JOHNKEW,15%,$212.49,https://rpmpb.com/JOHNKEW,USAP certified,Lifetime,Widebody,Gen-4,Thermoformed,Peel Ply-Coarse,Carbon Fiber,Full Foam (EPP + EVA + TPU + TPE + expanding foam),39.18,"2,339",1.09,-3.64,1.65,89,Elite,Tier 4,16.02,7.95,5.4,7.8,107.4,-1.27,-3.39,3.5,31,6.94,0.96,-3.56,2.62,73,23.6,-0.69,-3.21,3.54,37.34,88,1.38,61.62,1.26,-2.75,2.75,73,39.63,1.6,-2.75,2.75,79,76.000,0.435,62.4,39.4,-0.333,-0.77,pop-leaning
Scoop,Sidewinder F2E,16,New,6/10/2026,$119.99,JOHNKEW,10%,$107.99,https://scooppickleball.com/products/sidewinder-f2e-elongated-16mm?sca_ref=11622989.ILx3ssummcZxu\,USAP certified,1 year,Elongated,Gen-4,Thermoformed,Peel Ply-Coarse,Carbon Fiber,Full Foam (MPP + EVA + expanding foam),47.38,"2,027",-0.56,-3.64,1.65,58,Fair,Tier 4,16.46,7.52,5.67,7.4,109.1,-0.98,-3.39,3.5,35,6.01,-0.8,-3.56,2.62,45,24.1,0.24,-3.21,3.54,51.07,81,1.15,60.95,0.56,-2.75,2.75,60,39.18,0.95,-2.75,2.75,67,63.800,0.414,60.9,38.8,-0.397,-0.92,pop-leaning
Selkirk,AMPED Control Invikta,16,New,,$160.00,INF-JOHNKEW,Gift Card $10-$40,$160.00,https://www.selkirk.com/?sca_ref=6285388.NM89wCbFwv,USAP certified,Lifetime,Elongated,Gen-1,Cold Pressed,Grit,Fiberglass,Honeycomb polypropylene,,"1,855",-1.48,-3.64,1.65,41,Poor,Tier 4,16.5,7.38,5.25,8.2,119.4,0.74,-3.39,3.5,60,5.93,-0.96,-3.56,2.62,42,24,0.05,-3.21,3.54,48.33,25,-0.94,,,-2.75,2.75,,,,-2.75,2.75,,,,57.7,36,,,
Selkirk,Amped Pro Air Epic,16,New,,$180.00,INF-JOHNKEW,Gift Card $10-$40,$180.00,https://www.selkirk.com?sca_ref=6285388.NM89wCbFwv,USAP certified,Lifetime,Widebody,Gen-2,Thermoformed-edgeless,Grit,Fiberglass,Honeycomb polypropylene + expanding foam,,"2,252",0.63,-3.64,1.65,81,Good,Tier 4,15.75,8,5.25,8,111.3,-0.62,-3.39,3.5,40,6.67,0.45,-3.56,2.62,65,24,0.05,-3.21,3.54,48.33,71,0.76,,,-2.75,2.75,,,,-2.75,2.75,,,,59.1,37.2,,,
Selkirk,Amped Pro Air Invikta,16,New,,$180.00,INF-JOHNKEW,Gift Card $10-$40,$180.00,https://www.selkirk.com?sca_ref=6285388.NM89wCbFwv,USAP certified,Lifetime,Elongated,Gen-2,Thermoformed-edgeless,Grit,Fiberglass,Honeycomb polypropylene + expanding foam,,"2,080",-0.28,-3.64,1.65,63,Fair,Tier 4,16.5,7.45,5.25,8,121.2,1.04,-3.39,3.5,64,5.93,-0.96,-3.56,2.62,42,24.8,1.53,-3.21,3.54,70.29,16,-1.25,,,-2.75,2.75,,,,-2.75,2.75,,,,59.1,37.5,,,
Selkirk,LABS 003,20,New,,$333.00,INF-JOHNKEW,Gift Card $10-$40,$333.00,https://www.selkirk.com?sca_ref=6285388.NM89wCbFwv,USAP certified,2 year,Widebody,Gen-2,Thermoformed-edgeless,Grit,3K Woven Carbon Fiber,Honeycomb polypropylene + expanding foam,,"1,902",-1.23,-3.64,1.65,46,Fair,Tier 4,15.85,7.85,5.25,7.7,,,-3.39,3.5,49,,,-3.56,2.62,58,,,-3.21,3.54,47.56,,,,,-2.75,2.75,,,,-2.75,2.75,,,,,,,,
Selkirk,LABS 007 Invikta,10,New,,$333.00,INF-JOHNKEW,Gift Card $10-$40,$333.00,https://www.selkirk.com?sca_ref=6285388.NM89wCbFwv,Dual certified - USAP and UPA-A,2 year,Elongated,Gen-2,Thermoformed-edgeless,Infinigrit,Carbon Fiber,Honeycomb polypropylene + expanding foam,,"2,269",0.72,-3.64,1.65,82,Good,Tier 3,16.45,7.5,5.35,7.7,104.4,-1.76,-3.39,3.5,24,5.88,-1.05,-3.56,2.62,41,23.5,-0.87,-3.21,3.54,34.6,95,1.64,,,-2.75,2.75,,,,-2.75,2.75,,,,60.3,38.8,,,
Selkirk,LABS 007 Invikta,14,New,,$333.00,INF-JOHNKEW,Gift Card $10-$40,$333.00,https://www.selkirk.com?sca_ref=6285388.NM89wCbFwv,Dual certified - USAP and UPA-A,2 year,Elongated,Gen-2,Thermoformed-edgeless,Infinigrit,Carbon Fiber,Honeycomb polypropylene + expanding foam,,"2,198",0.34,-3.64,1.65,75,Good,Tier 3,16.45,7.5,5.35,8.4,124.5,1.58,-3.39,3.5,72,6.14,-0.56,-3.56,2.62,49,24.6,1.16,-3.21,3.54,64.8,9,-1.51,,,-2.75,2.75,,,,-2.75,2.75,,,,59.5,38.3,,,
Selkirk,LABS 008 Epic,13,New,,$288.00,INF-JOHNKEW,Gift Card $10-$40,$288.00,https://www.selkirk.com?sca_ref=6285388.NM89wCbFwv,Dual certified - USAP and UPA-A,2 year,Widebody,Gen-1,Cold Pressed,Peel Ply-Coarse,T700 Carbon Fiber,Full Foam (EPP),,"2,010",-0.65,-3.64,1.65,56,Fair,Tier 4,16,7.8,5.3,7.8,111.1,-0.65,-3.39,3.5,40,5.95,-0.92,-3.56,2.62,43,23,-1.8,-3.21,3.54,20.87,77,0.97,,,-2.75,2.75,,,,-2.75,2.75,,,,58.6,37.3,,,
Selkirk,LABS 008 Invikta,10,New,,$288.00,INF-JOHNKEW,Gift Card $10-$40,$288.00,https://www.selkirk.com?sca_ref=6285388.NM89wCbFwv,Dual certified - USAP and UPA-A,2 year,Elongated,Gen-1,Cold Pressed,Peel Ply-Coarse,T700 Carbon Fiber,Full Foam (EPP),,"2,133",0,-3.64,1.65,69,Good,Tier 4,16.45,7.44,5.5,8,119.5,0.75,-3.39,3.5,60,5.26,-2.23,-3.56,2.62,22,23.3,-1.25,-3.21,3.54,29.11,27,-0.84,,,-2.75,2.75,,,,-2.75,2.75,,,,59.5,38.4,,,
Selkirk,LABS 008 Invikta,13,New,,$288.00,INF-JOHNKEW,Gift Card $10-$40,$288.00,https://www.selkirk.com?sca_ref=6285388.NM89wCbFwv,Dual certified - USAP and UPA-A,2 year,Elongated,Gen-1,Cold Pressed,Peel Ply-Coarse,T700 Carbon Fiber,Full Foam (EPP),,"2,109",-0.13,-3.64,1.65,66,Good,Tier 4,16.45,7.44,5.5,7.9,115.6,0.1,-3.39,3.5,51,5.5,-1.77,-3.56,2.62,29,23.3,-1.25,-3.21,3.54,29.11,51,0.01,,,-2.75,2.75,,,,-2.75,2.75,,,,59.3,38.3,,,
Selkirk,LABS 008 Invikta 10mm,10,New,,$288.00,INF-JOHNKEW,Gift Card $10-$40,$288.00,https://www.selkirk.com?sca_ref=6285388.NM89wCbFwv,USAP certified,2 year,Elongated,Gen-1,Cold Pressed,Peel Ply-Coarse,Carbon Fiber,Full Foam (EPP),,"2,017",-0.62,-3.64,1.65,57,Fair,Tier 4,16.46,7.48,5.5,7.9,109.2,-0.96,-3.39,3.5,35,5.83,-1.15,-3.56,2.62,39,23.4,-1.06,-3.21,3.54,31.85,84,1.24,,,-2.75,2.75,,,,-2.75,2.75,,,,59.92,38.31,,,
Selkirk,LABS 008 Tour,13,New,,$288.00,INF-JOHNKEW,Gift Card $10-$40,$288.00,https://www.selkirk.com?sca_ref=6285388.NM89wCbFwv,Dual certified - USAP and UPA-A,2 year,Elongated,Gen-1,Cold Pressed,Peel Ply-Coarse,T700 Carbon Fiber,Full Foam (EPP),67.37,"2,050",-0.44,-3.64,1.65,60,Fair,Tier 4,16.45,7.5,6,8,121.6,1.11,-3.39,3.5,65,5.38,-2,-3.56,2.62,25,23.8,-0.32,-3.21,3.54,42.83,19,-1.14,,,-2.75,2.75,,,,-2.75,2.75,,,,59,37.5,,,
Selkirk,LABS Project Boomstik – Elongated,16,New,,$333.00,INF-JOHNKEW,Gift Card $10-$40,$333.00,https://www.selkirk.com/products/selkirk-labs-project-boomstik?sca_ref=6285388.NM89wCbFwv,USAP certified,Lifetime,Elongated,Gen-4,Thermoformed,Infinigrit,Carbon Fiber,Full Foam (EPP + EVA + expanding foam),,"2,306",0.92,-3.64,1.65,86,Elite,Tier 3,16.54,7.48,5.87,8.2,118,0.5,-3.39,3.5,57,6.81,0.72,-3.56,2.62,69,24.3,0.61,-3.21,3.54,56.56,29,-0.79,61.76,1.42,-2.75,2.75,76,39.3,1.13,-2.75,2.75,70,73.100,0.431,62.5,39.4,0.291,0.67,slightly power
Selkirk,LABS Project Boomstik – Widebody,16,New,,$333.00,INF-JOHNKEW,Gift Card $10-$40,$333.00,https://www.selkirk.com/products/selkirk-labs-project-boomstik?sca_ref=6285388.NM89wCbFwv,USAP certified,Lifetime,Widebody,Gen-4,Thermoformed,Infinigrit,Carbon Fiber,Full Foam (EPP + EVA + expanding foam),51.28,"2,235",0.54,-3.64,1.65,79,Good,Tier 3,15.98,8.03,5.83,8.3,111.7,-0.54,-3.39,3.5,41,7.69,2.39,-3.56,2.62,96,23.5,-0.87,-3.21,3.54,34.6,70,0.71,60.97,0.58,-2.75,2.75,61,39.06,0.78,-2.75,2.75,64,62.300,0.411,61,39.5,-0.199,-0.46,slightly pop
Selkirk,Luxx Control Air Invikta,20,New,,$250.00,INF-JOHNKEW,Gift Card $10-$40,$250.00,https://www.selkirk.com/products/luxx-control-air-with-infinigrit?variant=45301235679334?sca_ref=6285388.NM89wCbFwv,USAP certified,Lifetime,Elongated,Gen-2,Thermoformed-edgeless,Grit,Fiberglass & Carbon Fiber,Honeycomb polypropylene + expanding foam,,"2,229",0.51,-3.64,1.65,78,Good,Tier 4,16.45,7.5,5.35,8.1,120,0.84,-3.39,3.5,61,5.96,-0.9,-3.56,2.62,43,24.4,0.79,-3.21,3.54,59.31,21,-1.06,,,-2.75,2.75,,,,-2.75,2.75,,,,57.4,35.4,,,
Selkirk,Luxx II Control Air Invikta,19,New,,$280.00,INF-JOHNKEW,Gift Card $10-$40,$280.00,https://www.selkirk.com/products/luxx-control-air-with-infinigrit?variant=45301235679334?sca_ref=6285388.NM89wCbFwv,USAP certified,Lifetime,Elongated,Gen-2,Thermoformed-edgeless,Infinigrit,Fiberglass & Carbon Fiber,Honeycomb polypropylene + expanding foam,53.44,"2,142",0.05,-3.64,1.65,70,Good,Tier 3,16.34,7.48,5.5,8,117.6,0.43,-3.39,3.5,55,5.93,-0.96,-3.56,2.62,42,24.3,0.61,-3.21,3.54,56.56,34,-0.6,58.51,-2.02,-2.75,2.75,13,36.48,-2.86,-2.75,2.75,0,5.700,0.358,58.8,35.6,0.843,1.95,power-leaning
Selkirk,OMNI Elongated,16,New,5/31/2026,$300.00,INF-JOHNKEW,Gift Card $10-$40,$300.00,https://www.selkirk.com/products/selkirk-omni-pickleball-paddle?sca_ref=6285388.NM89wCbFwv,USAP certified,Lifetime,Elongated,Gen-4,Thermoformed,Infinigrit,Carbon Fiber,Full Foam (EPP + EVA + expanding foam),51.90,"2,364",1.23,-3.64,1.65,92,Elite,Tier 3,16.61,7.48,5.91,8.2,121.5,1.08,-3.39,3.5,65,7.06,1.19,-3.56,2.62,77,24.5,0.98,-3.21,3.54,62.05,13,-1.35,60.95,0.56,-2.75,2.75,60,38.71,0.29,-2.75,2.75,55,57.700,0.407,60.4,38.3,0.261,0.6,slightly power
Selkirk,OMNI Widebody,16,New,5/31/2026,$300.00,INF-JOHNKEW,Gift Card $10-$40,$300.00,https://www.selkirk.com/products/selkirk-omni-pickleball-paddle?sca_ref=6285388.NM89wCbFwv,USAP certified,Lifetime,Widebody,Gen-4,Thermoformed,Infinigrit,Carbon Fiber,Full Foam (EPP + EVA + expanding foam),53.89,"2,328",1.03,-3.64,1.65,88,Elite,Tier 3,16.06,7.99,5.71,8.3,117.6,0.44,-3.39,3.5,56,7.96,2.9,-3.56,2.62,100,24,0.05,-3.21,3.54,48.33,31,-0.71,60.22,-0.21,-2.75,2.75,46,38.41,-0.14,-2.75,2.75,47,46.800,0.393,60.3,38.4,-0.073,-0.17,balanced
Selkirk,SLK ERA Elongated,16,New,,$200.00,INF-JOHNKEW,Gift Card $20,$200.00,https://www.selkirk.com/products/slk-era-power?variant=45301104312422?sca_ref=6285388.NM89wCbFwv,USAP certified,6 months,Elongated,Gen-3,Thermoformed,Peel Ply-Coarse,Carbon Fiber,Honeycomb polypropylene + EVA + expanding foam,,"2,190",0.3,-3.64,1.65,75,Good,Tier 4,16.55,7.45,5.8,8.1,117.6,0.44,-3.39,3.5,56,6.35,-0.16,-3.56,2.62,55,24,0.05,-3.21,3.54,48.33,34,-0.62,,,-2.75,2.75,,,,-2.75,2.75,,,,60.2,38.3,,,
Selkirk,SLK ERA Widebody,16,New,,$200.00,INF-JOHNKEW,Gift Card $20,$200.00,https://www.selkirk.com/products/slk-era-power?variant=45301104312422?sca_ref=6285388.NM89wCbFwv,USAP certified,6 months,Widebody,Gen-3,Thermoformed,Peel Ply-Coarse,Carbon Fiber,Honeycomb polypropylene + EVA + expanding foam,,"2,203",0.37,-3.64,1.65,76,Good,Tier 4,15.98,7.98,5.75,8.1,112.2,-0.46,-3.39,3.5,42,7.05,1.17,-3.56,2.62,77,23.7,-0.5,-3.21,3.54,40.09,67,0.61,,,-2.75,2.75,,,,-2.75,2.75,,,,59.8,38.5,,,
Selkirk,SLK Halo Power XL,13,New,,$140.00,INF-JOHNKEW,Gift Card $10-$40,$140.00,https://www.selkirk.com?sca_ref=6285388.NM89wCbFwv,Dual certified - USAP and UPA-A,6 months,Elongated,Gen-1,Cold Pressed,Peel Ply-Coarse,T700 Carbon Fiber,Honeycomb polypropylene,,"1,849",-1.51,-3.64,1.65,40,Poor,Tier 4,16.4,7.4,5.75,7.5,115,0,-3.39,3.5,49,5.27,-2.21,-3.56,2.62,22,24.2,0.42,-3.21,3.54,53.82,52,0.06,,,-2.75,2.75,,,,-2.75,2.75,,,,55.4,33.6,,,
Selkirk,SLK Halo Pro,14,New,,$150.00,INF-JOHNKEW,Gift Card $10-$40,$150.00,https://www.selkirk.com?sca_ref=6285388.NM89wCbFwv,Dual certified - USAP and UPA-A,6 months,Widebody,Gen-2,Thermoformed,Peel Ply-Coarse,Kevlar & Carbon Fiber,Honeycomb polypropylene + expanding foam,60.47,"2,028",-0.56,-3.64,1.65,58,Fair,Tier 4,15.9,7.9,4.75,8,108.1,-1.14,-3.39,3.5,33,6.9,0.89,-3.56,2.62,72,23.5,-0.87,-3.21,3.54,34.6,85,1.26,,,-2.75,2.75,,,,-2.75,2.75,,,,58.8,37.5,,,
Selkirk,Vanguard Power Air Invikta,12.7,New,,$250.00,INF-JOHNKEW,Gift Card $10-$40,$250.00,https://www.selkirk.com?sca_ref=6285388.NM89wCbFwv,Dual certified - USAP and UPA-A,Lifetime,Elongated,Gen-2,Thermoformed-edgeless,Grit,Fiberglass & Carbon Fiber,Honeycomb polypropylene + expanding foam,,"2,176",0.23,-3.64,1.65,73,Good,Tier 4,16.5,7.38,5.25,7.8,106,-1.49,-3.39,3.5,28,5.31,-2.13,-3.56,2.62,23,23.1,-1.62,-3.21,3.54,23.62,95,1.63,,,-2.75,2.75,,,,-2.75,2.75,,,,57.1,37.7,,,
Selkirk,Vanguard Power Air S2,12.7,New,,$250.00,INF-JOHNKEW,Gift Card $10-$40,$250.00,https://www.selkirk.com?sca_ref=6285388.NM89wCbFwv,Dual certified - USAP and UPA-A,Lifetime,Widebody,Gen-2,Thermoformed-edgeless,Grit,Fiberglass & Carbon Fiber,Honeycomb polypropylene + expanding foam,,"2,077",-0.3,-3.64,1.65,63,Fair,Tier 4,15.75,8,5.38,7.8,,,-3.39,3.5,49,,,-3.56,2.62,58,,,-3.21,3.54,47.56,,,,,-2.75,2.75,,,,-2.75,2.75,,,,,,,,
Selkirk,Vanguard Pro Invikta,16,New,,$230.00,INF-JOHNKEW,Gift Card $10-$40,$230.00,https://www.selkirk.com?sca_ref=6285388.NM89wCbFwv,USAP certified,Lifetime,Elongated,Gen-2,Thermoformed,Peel Ply-Coarse,12K Carbon Fiber,Honeycomb polypropylene + expanding foam,,"1,887",-1.31,-3.64,1.65,44,Poor,Tier 4,16.42,7.4,5.5,8,114.3,-0.12,-3.39,3.5,47,5.96,-0.9,-3.56,2.62,43,23.8,-0.32,-3.21,3.54,42.83,57,0.23,58.79,-1.73,-2.75,2.75,19,37.15,-1.92,-2.75,2.75,15,16.900,0.366,57.9,37.2,0.192,0.44,slightly power
Selkirk,Dauntless Elongated,16,New,5/16/2026,$150.00,INF-JOHNKEW,Gift Card $10-$40,$150.00,https://www.selkirk.com/products/slk-dauntless?sca_ref=6285388.NM89wCbFwv&variant=44496811393126,USAP Certified,1 year,Elongated,Gen-4,Thermoformed,Peel Ply-Coarse,T700 Carbon Fiber,Full Foam (EPP + EVA),51.57,"2,078",-0.29,-3.64,1.65,63,Fair,Tier 4,16.5,7.45,5.8,7.9,117.4,0.41,-3.39,3.5,55,6.68,0.47,-3.56,2.62,65,24.5,0.98,-3.21,3.54,62.05,32,-0.67,60.05,-0.39,-2.75,2.75,43,38.24,-0.37,-2.75,2.75,43,43.000,0.389,60.3,38.3,-0.021,-0.05,balanced
Selkirk,Dauntless Widebody,16,New,5/16/2026,$150.00,INF-JOHNKEW,Gift Card $10-$40,$150.00,https://www.selkirk.com/products/slk-dauntless?sca_ref=6285388.NM89wCbFwv&variant=44496811393126,USAP Certified,1 year,Widebody,Gen-4,Thermoformed,Peel Ply-Coarse,T700 Carbon Fiber,Full Foam (EPP + EVA),59.19,"2,066",-0.36,-3.64,1.65,62,Fair,Tier 4,15.95,8,5.6,8,112,-0.49,-3.39,3.5,42,7.62,2.26,-3.56,2.62,94,23.9,-0.13,-3.21,3.54,45.58,66,0.59,60.18,-0.26,-2.75,2.75,45,38.6,0.13,-2.75,2.75,52,48.900,0.395,60,38.5,-0.393,-0.91,pop-leaning
Six Zero,Black Diamond Power,14,New,,$180.00,JOHNKEW,10%,$162.00,https://www.sixzeropickleball.com/?sca_ref=3538395.LI0TTTs35q,Dual certified - USAP and UPA-A,1 year,Hybrid,Gen-2,Thermoformed,Peel Ply-Coarse,Fiberglass,Honeycomb polypropylene + expanding foam,,"2,104",-0.16,-3.64,1.65,66,Good,Tier 4,16.3,7.7,5.5,7.9,111.7,-0.55,-3.39,3.5,41,6.38,-0.1,-3.56,2.62,56,23.9,-0.13,-3.21,3.54,45.58,71,0.75,,,-2.75,2.75,,,,-2.75,2.75,,,,60.3,37.6,,,
Six Zero,Black Opal,14,New,,$250.00,JOHNKEW,10%,$225.00,https://www.sixzeropickleball.com/?sca_ref=3538395.LI0TTTs35q,Dual certified - USAP and UPA-A,1 year,Hybrid,Gen-4,Cold Pressed,Peel ply with diamond grit,Toray Carbon Fiber,Full Foam (microcellular + EVA),50.37,"2,240",0.57,-3.64,1.65,80,Good,Tier 4,16.15,7.68,5.51,8.1,114.3,-0.11,-3.39,3.5,48,6.28,-0.29,-3.56,2.62,53,23.9,-0.13,-3.21,3.54,45.58,55,0.17,61.74,1.39,-2.75,2.75,75,39.54,1.46,-2.75,2.75,77,76.000,0.435,62.5,39.8,-0.069,-0.16,balanced
Six Zero,Boulder Opal,14,New,8/18/2026,$220.00,JOHNKEW,10%,$198.00,https://us.sixzeropickleball.com/products/boulder-opal?sca_ref=3538395.LI0TTTs35q,USAP Certified,1 year,Hybrid,Gen 4,Thermoformed,Peel Ply-Coarse,T700 Carbon Fiber,Full Foam,44.71,"2,216",0.44,-3.64,1.65,77,Good,Tier 3,16.3,7.5,5.5,8.2,114.1,-0.14,-3.39,3.5,47,6.36,-0.14,-3.56,2.62,55,23.8,-0.32,-3.21,3.54,42.83,56,0.22,,,-2.75,2.75,,,,-2.75,2.75,,,,60.6,38.46,,,
Six Zero,Coral Pro-Elongated,16,New,6/14/2026,$220.00,JOHNKEW,10%,$198.00,https://us.sixzeropickleball.com/products/coral-pro?sca_ref=3538395.LI0TTTs35q,UPA-A certified,1 year,Elongated,Gen-4,Thermoformed,Peel ply with diamond grit,Toray Carbon Fiber,Full Foam (EPP + EVA + expanding foam),41.52,"2,334",1.07,-3.64,1.65,89,Elite,Tier 1,16.4,7.5,5.79,8,112,-0.5,-3.39,3.5,42,6.19,-0.46,-3.56,2.62,50,24.1,0.24,-3.21,3.54,51.07,69,0.68,60.96,0.57,-2.75,2.75,60,38.94,0.62,-2.75,2.75,61,60.700,0.41,60.9,38.8,-0.049,-0.11,balanced
Six Zero,Coral Pro-Hybrid,16,New,6/14/2026,$220.00,JOHNKEW,10%,$198.00,https://us.sixzeropickleball.com/products/coral-pro?sca_ref=3538395.LI0TTTs35q,UPA-A certified,1 year,Hybrid,Gen-4,Thermoformed,Peel ply with diamond grit,Toray Carbon Fiber,Full Foam (EPP + EVA + expanding foam),44.98,"2,316",0.97,-3.64,1.65,87,Elite,Tier 1,16.18,7.7,5.31,8.2,111.6,-0.56,-3.39,3.5,41,6.76,0.62,-3.56,2.62,68,23.8,-0.32,-3.21,3.54,42.83,71,0.74,61.05,0.66,-2.75,2.75,62,39.03,0.75,-2.75,2.75,64,62.800,0.413,61.1,38.9,-0.086,-0.2,balanced
Six Zero,Coral Pro-Widebody,16,New,6/14/2026,$220.00,JOHNKEW,10%,$198.00,https://us.sixzeropickleball.com/products/coral-pro?sca_ref=3538395.LI0TTTs35q,UPA-A certified,1 year,Widebody,Gen-4,Thermoformed,Peel ply with diamond grit,Toray Carbon Fiber,Full Foam (EPP + EVA + expanding foam),50.21,"2,305",0.91,-3.64,1.65,86,Elite,Tier 1,15.83,8.11,5.3,8.3,107.9,-1.18,-3.39,3.5,32,7.36,1.76,-3.56,2.62,86,23.3,-1.25,-3.21,3.54,29.11,85,1.29,60.99,0.6,-2.75,2.75,61,39.15,0.91,-2.75,2.75,67,63.700,0.413,61,39,-0.307,-0.71,slightly pop
Six Zero,Coral-Elongated,16,New,,$200.00,JOHNKEW,10%,$180.00,https://www.sixzeropickleball.com/collections/paddles/products/coral-16mm?sca_ref=3538395.LI0TTTs35q,USAP certified,1 year,Elongated,Gen-4,Thermoformed,Peel ply with diamond grit,Toray Carbon Fiber,Full Foam (EPP + EVA + expanding foam),,"2,176",0.23,-3.64,1.65,73,Good,Tier 2,16.38,7.52,5.75,8,112.1,-0.47,-3.39,3.5,42,6.03,-0.77,-3.56,2.62,45,23.8,-0.32,-3.21,3.54,42.83,69,0.7,60.63,0.22,-2.75,2.75,54,38.65,0.2,-2.75,2.75,54,53.900,0.401,60.48,38.5,0.021,0.05,balanced
Six Zero,Coral-Hybrid,16,New,,$200.00,JOHNKEW,10%,$180.00,https://www.sixzeropickleball.com/collections/paddles/products/coral-16mm?sca_ref=3538395.LI0TTTs35q,USAP certified,1 year,Hybrid,Gen-4,Thermoformed,Peel ply with diamond grit,Toray Carbon Fiber,Full Foam (EPP + EVA + expanding foam),49.45,"2,187",0.29,-3.64,1.65,74,Good,Tier 2,16.22,7.68,5.51,8.2,112.9,-0.35,-3.39,3.5,44,6.65,0.41,-3.56,2.62,64,23.6,-0.69,-3.21,3.54,37.34,64,0.5,60.63,0.22,-2.75,2.75,54,38.65,0.2,-2.75,2.75,54,53.800,0.401,60.2,38.52,0.021,0.05,balanced
Six Zero,Coral-Widebody,16,New,,$200.00,JOHNKEW,10%,$180.00,https://www.sixzeropickleball.com/collections/paddles/products/coral-16mm?sca_ref=3538395.LI0TTTs35q,USAP certified,1 year,Widebody,Gen-4,Thermoformed,Peel ply with diamond grit,Toray Carbon Fiber,Full Foam (EPP + EVA + expanding foam),50.69,"2,190",0.3,-3.64,1.65,75,Good,Tier 2,15.83,8.07,5.51,8.2,108.5,-1.08,-3.39,3.5,33,7.48,1.99,-3.56,2.62,90,23.1,-1.62,-3.21,3.54,23.62,83,1.21,60.02,-0.42,-2.75,2.75,42,38.45,-0.08,-2.75,2.75,48,45.400,0.391,60.4,38.45,-0.335,-0.77,pop-leaning
Six Zero,Double Black Diamond,16,New,,$180.00,JOHNKEW,10%,$162.00,https://www.sixzeropickleball.com/?sca_ref=3538395.LI0TTTs35q,Dual certified - USAP and UPA-A,1 year,Hybrid,Gen-2,Thermoformed,Peel Ply-Coarse,Toray Carbon Fiber,Honeycomb polypropylene + expanding foam,59.05,"2,062",-0.38,-3.64,1.65,62,Fair,Tier 4,16.3,7.7,5.5,8.1,114,-0.16,-3.39,3.5,47,6.66,0.43,-3.56,2.62,65,23.9,-0.13,-3.21,3.54,45.58,57,0.24,59.5,-0.98,-2.75,2.75,32,37.82,-0.97,-2.75,2.75,32,32.300,0.379,59.4,37.8,-0.005,-0.01,balanced
Six Zero,Double Black Diamond,14,New,,$180.00,JOHNKEW,10%,$162.00,https://www.sixzeropickleball.com/?sca_ref=3538395.LI0TTTs35q,Dual certified - USAP and UPA-A,1 year,Hybrid,Gen-2,Thermoformed,Peel Ply-Coarse,Toray Carbon Fiber,Honeycomb polypropylene + expanding foam,,"2,077",-0.3,-3.64,1.65,63,Fair,Tier 4,16.3,7.7,5.5,8.1,112,-0.5,-3.39,3.5,42,6.33,-0.19,-3.56,2.62,54,23.6,-0.69,-3.21,3.54,37.34,71,0.75,,,-2.75,2.75,,,,-2.75,2.75,,,,57.2,37,,,
Six Zero,Infinity Black Diamond,16,New,,$220.00,JOHNKEW,10%,$198.00,https://www.sixzeropickleball.com/?sca_ref=3538395.LI0TTTs35q,USAP certified,1 year,Hybrid,Gen-2,Thermoformed-edgeless,Peel Ply-Coarse,Toray Fiberglass,Honeycomb polypropylene + expanding foam,,"2,273",0.74,-3.64,1.65,83,Good,Tier 4,16.3,7.7,5.5,8,106.2,-1.46,-3.39,3.5,28,5.7,-1.39,-3.56,2.62,35,23,-1.8,-3.21,3.54,20.87,94,1.62,,,-2.75,2.75,,,,-2.75,2.75,,,,58,37.1,,,
Six Zero,Infinity Double Black Diamond,16,New,,$220.00,JOHNKEW,10%,$198.00,https://www.sixzeropickleball.com/?sca_ref=3538395.LI0TTTs35q,USAP certified,1 year,Hybrid,Gen-2,Thermoformed-edgeless,Peel Ply-Coarse,Toray Carbon Fiber,Honeycomb polypropylene + expanding foam,,"2,077",-0.3,-3.64,1.65,63,Fair,Tier 4,16.3,7.7,5.5,8.1,110,-0.83,-3.39,3.5,37,5.8,-1.2,-3.56,2.62,38,23.2,-1.43,-3.21,3.54,26.36,82,1.16,,,-2.75,2.75,,,,-2.75,2.75,,,,57.1,36.5,,,
Six Zero,Quartz,15,New,,$89.99,JOHNKEW,10%,$80.99,https://www.sixzeropickleball.com/?sca_ref=3538395.LI0TTTs35q,USAP certified,1 year,Widebody,Gen-1,Cold Pressed,Peel Ply-Coarse,Carbon Fiber,Honeycomb polypropylene,90.89,"1,925",-1.11,-3.64,1.65,48,Fair,Tier 4,16,7.9,5,7.9,107.8,-1.19,-3.39,3.5,32,6.43,0,-3.56,2.62,58,23.6,-0.69,-3.21,3.54,37.34,87,1.34,57.74,-2.83,-2.75,2.75,0,36.78,-2.45,-2.75,2.75,6,2.000,0.353,56.9,36.2,-0.388,-0.9,pop-leaning
Six Zero,Ruby,16,New,,$199.00,JOHNKEW,10%,$179.10,https://www.sixzeropickleball.com/?sca_ref=3538395.LI0TTTs35q,Dual certified - USAP and UPA-A,1 year,Hybrid,Gen-2,Thermoformed,Peel Ply-Coarse,Dupont Kevlar,Honeycomb polypropylene + expanding foam,68.99,"2,271",0.73,-3.64,1.65,83,Good,Tier 4,16.3,7.7,5.5,8.3,117,0.34,-3.39,3.5,54,6.81,0.72,-3.56,2.62,69,23.7,-0.5,-3.21,3.54,40.09,39,-0.41,59.5,-0.97,-2.75,2.75,32,37.65,-1.21,-2.75,2.75,28,30.200,0.377,59.4,37.2,0.242,0.56,slightly power
Six Zero,Ruby,14,New,,$199.00,JOHNKEW,10%,$179.10,https://www.sixzeropickleball.com/?sca_ref=3538395.LI0TTTs35q,Dual certified - USAP and UPA-A,1 year,Hybrid,Gen-2,Thermoformed,Peel Ply-Coarse,Dupont Kevlar,Honeycomb polypropylene + expanding foam,,"2,124",-0.05,-3.64,1.65,68,Good,Tier 4,16.3,7.7,5.5,8.2,114.1,-0.14,-3.39,3.5,47,6.5,0.13,-3.56,2.62,60,23.7,-0.5,-3.21,3.54,40.09,56,0.23,,,-2.75,2.75,,,,-2.75,2.75,,,,58.9,37.8,,,
Six Zero,Ruby Pro,14,New,,$225.00,JOHNKEW,10%,$202.50,https://www.sixzeropickleball.com/?sca_ref=3538395.LI0TTTs35q,Dual certified - USAP and UPA-A,1 year,Hybrid,Gen-2,Thermoformed,Peel ply with diamond grit,Dupont Kevlar,Large cell polypropylene + expanding foam,55.58,"2,220",0.46,-3.64,1.65,78,Good,Tier 4,16.15,7.68,5.51,8.2,115.5,0.09,-3.39,3.5,50,6.46,0.05,-3.56,2.62,58,24,0.05,-3.21,3.54,48.33,46,-0.14,60.85,0.45,-2.75,2.75,58,38.95,0.62,-2.75,2.75,61,59.800,0.408,60.7,39,-0.17,-0.39,slightly pop
Six Zero,Triple Black Diamond (Willinator),15,New,,$220.00,JOHNKEW,10%,$198.00,https://www.sixzeropickleball.com/?sca_ref=3538395.LI0TTTs35q,USAP certified,1 year,Elongated,Gen-2,Thermoformed,Peel Ply-Coarse,18K Toray Carbon Fiber,Honeycomb polypropylene + expanding foam,,"1,959",-0.93,-3.64,1.65,51,Fair,Tier 4,16.6,7.6,6,8.2,126,1.84,-3.39,3.5,76,6.45,0.03,-3.56,2.62,58,24.8,1.53,-3.21,3.54,70.29,6,-1.64,,,-2.75,2.75,,,,-2.75,2.75,,,,59.2,36.8,,,
Slamopus,Core-X,16,New,1/17/2026,$169.99,,,$169.99,https://www.amazon.com/SLAMOPUS-Professional-Pickleball-Paddles-All-Court/dp/B0G5Y5PSKG?&linkCode=ll2&tag=johnkew-20&linkId=a6fd65bf8b3b291098babf6408a5f005&language=en_US&ref_=as_li_ss_tl,USAP certified,Unknown,Elongated,Gen-4,Thermoformed,Peel Ply-Coarse,Carbon Fiber,Full Foam (EPP + EVA + expanding foam),43.09,"2,292",0.84,-3.64,1.65,85,Good,Tier 4,16.6,7.48,5.71,7.8,118.1,0.52,-3.39,3.5,57,6.3,-0.25,-3.56,2.62,54,24.3,0.61,-3.21,3.54,56.56,29,-0.79,60.59,0.17,-2.75,2.75,53,38.54,0.05,-2.75,2.75,51,52.000,0.4,60.5,38.6,0.13,0.3,slightly power
Spartus,Apollo,16,New,,$129.99,JOHNKEW,10%,$116.99,https://gospartus.com/johnwilliams,USAP certified,6 months,Widebody,Gen-2,Thermoformed,Peel Ply-Coarse,Dupont Kevlar,Honeycomb polypropylene + expanding foam,,"2,130",-0.02,-3.64,1.65,68,Good,Tier 4,15.9,8.2,5.5,8.1,110.1,-0.82,-3.39,3.5,37,7.56,2.14,-3.56,2.62,92,23.4,-1.06,-3.21,3.54,31.85,77,0.98,,,-2.75,2.75,,,,-2.75,2.75,,,,57.9,36.1,,,
Spartus,Odyssey Apex,16,New,,$94.99,Use Affiliate Link,10%,$85.49,https://www.amazon.com/dp/B0DSK5RZ8D?maas=maas_adg_4252E94A0D03CECA054420889F3EC753_afap_abs&ref_=aa_maas&tag=maas,USAP certified,6 months,Elongated,Gen-1,Cold Pressed,Peel Ply-Coarse,Carbon Fiber,Wide cell honeycomb polypropylene,,"2,130",-0.02,-3.64,1.65,68,Good,Tier 4,16.38,7.8,5.35,7.9,111.9,-0.52,-3.39,3.5,42,6.43,0,-3.56,2.62,58,23.8,-0.32,-3.21,3.54,42.83,70,0.73,59.16,-1.33,-2.75,2.75,26,37.65,-1.2,-2.75,2.75,28,26.900,0.374,59.6,37.3,-0.129,-0.3,slightly pop
Spartus,Olympus,14,New,,$199.99,JOHNKEW,10%,$179.99,https://gospartus.com/johnwilliams,USAP certified,6 months,Hybrid,Gen-3,Thermoformed,Peel Ply-Coarse,Toray Carbon Fiber,Honeycomb polypropylene + expanding foam,,"2,058",-0.4,-3.64,1.65,61,Fair,Tier 4,16.35,7.65,5.5,8,110.5,-0.75,-3.39,3.5,38,6.13,-0.58,-3.56,2.62,48,23.5,-0.87,-3.21,3.54,34.6,78,1.03,,,-2.75,2.75,,,,-2.75,2.75,,,,60.6,38.2,,,
Spartus,P1 Hybrid,16,New,,$219.99,JOHNKEW,10%,$197.99,https://gospartus.com/products/p1-hybrid?sca_ref=6068787.EPfiuPRWyI,USAP certified,1 year,Hybrid,Gen-4,Thermoformed,Grit (Permagrit),Toray Carbon Fiber,Full Foam (EPP + EVA + expanding foam),46.09,"2,271",0.73,-3.64,1.65,83,Good,Tier 1,16.22,7.7,5.43,8.2,116.6,0.28,-3.39,3.5,53,6.84,0.77,-3.56,2.62,70,24.2,0.42,-3.21,3.54,53.82,38,-0.46,59.68,-0.78,-2.75,2.75,36,37.9,-0.85,-2.75,2.75,35,35.200,0.382,60.3,38,0.072,0.17,balanced
Spartus,P1 Standard,16,New,7/2/2026,$219.99,JOHNKEW,10%,$197.99,https://gospartus.com/collections/paddles/products/p1-standard?sca_ref=6068787.EPfiuPRWyI,USAP certified,6 months,Widebody,Gen-4,Thermoformed,Grit (Permagrit),Toray Carbon Fiber,Full Foam (EPP + EVA + expanding foam),47.36,"2,293",0.85,-3.64,1.65,85,Good,Tier 1,15.98,7.95,5.51,8.2,116.3,0.22,-3.39,3.5,52,6.31,-0.23,-3.56,2.62,54,23.8,-0.32,-3.21,3.54,42.83,43,-0.26,60.79,0.39,-2.75,2.75,57,38.61,0.14,-2.75,2.75,53,54.800,0.403,60.8,38.8,0.246,0.57,slightly power
Spartus,Spitfire,16,New,7/3/2026,$110.00,JOHNKEW,10%,$99.00,http://gospartus.com/collections/paddles/products/spitfire-elongated?sca_ref=6068787.EPfiuPRWyI,USAP certified,6 months,Elongated,Gen-4,Thermoformed,Grit-infused peel ply,Toray Carbon Fiber,Full Foam (EPP + EVA + expanding foam),29.16,"2,433",1.59,-3.64,1.65,99,Elite,Tier 3,16.46,7.4,5.51,7.8,116.2,0.2,-3.39,3.5,52,6.14,-0.56,-3.56,2.62,49,24.8,1.53,-3.21,3.54,70.29,41,-0.34,60.81,0.41,-2.75,2.75,58,38.81,0.43,-2.75,2.75,58,57.700,0.407,61.1,38.7,-0.02,-0.05,balanced
Speedup,Fire 14,14,New,,$119.99,JOHNKEW,10%,$107.99,https://speeduppickle.com/JOHNKEW,USAP certified,1 year,Elongated,Gen-2,Thermoformed,Peel Ply-Coarse,Toray Carbon Fiber,Honeycomb polypropylene + expanding foam,,"2,016",-0.62,-3.64,1.65,57,Fair,Tier 4,16.5,7.5,6,7.8,117,0.34,-3.39,3.5,54,5.85,-1.11,-3.56,2.62,40,24.3,0.61,-3.21,3.54,56.56,39,-0.41,,,-2.75,2.75,,,,-2.75,2.75,,,,58.2,37,,,
Speedup,Ice 16,16,New,,$119.99,JOHNKEW,10%,$107.99,https://speeduppickle.com/JOHNKEW,USAP certified,1 year,Elongated,Gen-2,Thermoformed,Peel Ply-Coarse,Toray Carbon Fiber,Honeycomb polypropylene + expanding foam,,"1,863",-1.44,-3.64,1.65,42,Poor,Tier 4,16.5,7.5,6,7.8,122,1.17,-3.39,3.5,66,6.05,-0.73,-3.56,2.62,46,24.9,1.72,-3.21,3.54,73.04,13,-1.37,,,-2.75,2.75,,,,-2.75,2.75,,,,58.4,35.3,,,
Speedup,Tide 14H,14,New,,$159.99,JOHNKEW,10%,$143.99,https://speeduppickle.com/products/speedup-tide-14mm-all-shapes/JOHNKEW,USAP certified,1 year,Hybrid,Gen-4,Thermoformed,Peel Ply-Coarse,Toray Carbon Fiber,Full Foam (MPP + TPE + expanding foam),43.13,"2,269",0.72,-3.64,1.65,82,Good,Tier 4,16.46,7.55,5.35,8.1,112.4,-0.43,-3.39,3.5,43,6.36,-0.14,-3.56,2.62,55,23.6,-0.69,-3.21,3.54,37.34,67,0.63,60.57,0.15,-2.75,2.75,53,38.84,0.47,-2.75,2.75,59,55.600,0.402,61.1,38.9,-0.314,-0.73,slightly pop
Speedup,Tide 14L,14,New,,$159.99,JOHNKEW,10%,$143.99,https://speeduppickle.com/products/speedup-tide-14mm-all-shapes/JOHNKEW,USAP certified,1 year,Elongated,Gen-4,Thermoformed,Peel Ply-Coarse,Toray Carbon Fiber,Full Foam (MPP + TPE + expanding foam),44.10,"2,248",0.61,-3.64,1.65,80,Good,Tier 4,16.6,7.48,5.91,8.4,122.3,1.22,-3.39,3.5,67,6.24,-0.37,-3.56,2.62,52,24.5,0.98,-3.21,3.54,62.05,12,-1.4,60.82,0.42,-2.75,2.75,58,38.63,0.18,-2.75,2.75,53,55.400,0.404,61.5,38.5,0.246,0.57,slightly power
Speedup,Tide 14S,14,New,,$159.99,JOHNKEW,10%,$143.99,https://speeduppickle.com/products/speedup-tide-14mm-all-shapes/JOHNKEW,USAP certified,1 year,Widebody,Gen-4,Thermoformed,Peel Ply-Coarse,Toray Carbon Fiber,Full Foam (MPP + TPE + expanding foam),52.18,"2,307",0.92,-3.64,1.65,86,Elite,Tier 4,15.86,8.15,5.51,8,107.6,-1.23,-3.39,3.5,31,7.36,1.76,-3.56,2.62,86,23.6,-0.69,-3.21,3.54,37.34,86,1.32,60.58,0.17,-2.75,2.75,53,39.22,1.01,-2.75,2.75,68,60.700,0.408,60.9,39.1,-0.84,-1.94,pop-leaning
Standout,KC1,16,New,,$195.00,JOHNKEW,10%,$175.50,https://standoutpickleball.com/,USAP certified,3 months,Elongated,Gen-2,Thermoformed,Peel Ply-Coarse,Kevlar & Carbon Fiber,Honeycomb polypropylene + expanding foam,,"2,042",-0.48,-3.64,1.65,60,Fair,Tier 4,16.5,7.5,5.5,8,119.4,0.73,-3.39,3.5,60,5.59,-1.6,-3.56,2.62,32,24.5,0.98,-3.21,3.54,62.05,24,-0.96,,,-2.75,2.75,,,,-2.75,2.75,,,,59.1,36.8,,,
Synergy,Royale,16,New,,$200.00,JOHNKEW,10%,$180.00,https://synergypickleball.com/?sca_ref=6904825.GQ7TK7zubHRm,USAP certified,Lifetime,Elongated,Gen-2,Thermoformed,Peel Ply-Coarse,Kevlar & Carbon Fiber,Honeycomb polypropylene + expanding foam,,"2,301",0.89,-3.64,1.65,86,Elite,Tier 4,16.5,7.5,5.5,8.4,127.4,2.07,-3.39,3.5,79,6.51,0.15,-3.56,2.62,60,24.6,1.16,-3.21,3.54,64.8,5,-1.67,,,-2.75,2.75,,,,-2.75,2.75,,,,59.3,36.4,,,
Synergy,Supreme,13,New,,$200.00,JOHNKEW,10%,$180.00,https://synergypickleball.com/?sca_ref=6904825.GQ7TK7zubHRm,USAP certified,Lifetime,Elongated,Gen-2,Thermoformed,Peel Ply-Coarse,Kevlar & Carbon Fiber,Honeycomb polypropylene + expanding foam,,"2,305",0.91,-3.64,1.65,86,Elite,Tier 4,16.5,7.5,5.5,7.8,115.3,0.05,-3.39,3.5,50,5.82,-1.16,-3.56,2.62,39,24.3,0.61,-3.21,3.54,56.56,48,-0.07,,,-2.75,2.75,,,,-2.75,2.75,,,,58.8,37.9,,,
Sypik,Triton,16,New,,$230.00,JOHNKEW,10%,$207.00,,USAP certified,6 months,Elongated,Gen-3,Thermoformed,Peel Ply-Coarse,Toray Carbon Fiber,Honeycomb polypropylene + EVA + expanding foam,72.70,"2,203",0.37,-3.64,1.65,76,Good,Tier 4,16.46,7.52,5.5,8,118.5,0.59,-3.39,3.5,58,6.31,-0.23,-3.56,2.62,54,24,0.05,-3.21,3.54,48.33,28,-0.81,59.82,-0.63,-2.75,2.75,39,37.86,-0.91,-2.75,2.75,33,35.900,0.383,60,38.1,0.282,0.65,slightly power
Tecnifibre,TF Blitz,15,New,,$199.00,,,$199.00,https://www.sixzeropickleball.com/?sca_ref=3538395.LI0TTTs35q,USAP certified,3 months,Elongated,Gen-2,Thermoformed,Peel Ply-Coarse,Carbon Fiber Composite,Honeycomb polypropylene + expanding foam,,"2,261",0.68,-3.64,1.65,82,Good,Tier 4,16.6,7.4,6,8.3,124.5,1.59,-3.39,3.5,72,5.84,-1.13,-3.56,2.62,39,24.3,0.61,-3.21,3.54,56.56,11,-1.46,,,-2.75,2.75,,,,-2.75,2.75,,,,58.9,37.8,,,
Tecnifibre,TF Select,15,New,,$219.00,,,$219.00,https://www.sixzeropickleball.com/?sca_ref=3538395.LI0TTTs35q,USAP certified,3 months,Hybrid,Gen-2,Thermoformed,Peel Ply-Coarse,Dupont Kevlar,Honeycomb polypropylene + expanding foam,,"2,144",0.06,-3.64,1.65,70,Good,Tier 4,16.3,7.7,5.5,8.2,116.6,0.26,-3.39,3.5,53,6.73,0.57,-3.56,2.62,67,23.9,-0.13,-3.21,3.54,45.58,40,-0.39,,,-2.75,2.75,,,,-2.75,2.75,,,,59.3,37.7,,,
Tesla (and Selkirk),Tesla Plaid,16,New,,$350.00,,,$350.00,https://www.sixzeropickleball.com/?sca_ref=3538395.LI0TTTs35q,USAP certified,TBD,Elongated,Gen-4,Thermoformed-edgeless,Grit (Infinigrit),3K Twill Composite and T700,Full Foam (EPP + EVA + expanding foam),,"2,484",1.86,-3.64,1.65,100,Elite,Tier 4,16.54,7.48,5.47,8.2,124.2,1.54,-3.39,3.5,72,6.31,-0.23,-3.56,2.62,54,25.4,2.65,-3.21,3.54,86.76,8,-1.55,60.14,-0.29,-2.75,2.75,45,37.99,-0.72,-2.75,2.75,37,40.700,0.388,60.4,37.8,0.428,0.99,power-leaning
Thompson,515-Twill,14.25,New,,$249.00,JOHNKEW,10%,$224.10,https://thompsonpickleball.com/JOHNKEWPICKLEBALL,USAP certified,1 year,Hybrid,Gen-1,Cold Pressed,Peel Ply-Coarse,Carbon Fiber (American-Sourced),Honeycomb polypropylene,,"2,318",0.98,-3.64,1.65,87,Elite,Tier 4,16.4,7.63,5.25,8.6,112.5,-0.41,-3.39,3.5,43,6.83,0.76,-3.56,2.62,70,22.9,-1.99,-3.21,3.54,18.12,66,0.57,,,-2.75,2.75,,,,-2.75,2.75,,,,59.8,37.9,,,
Thompson,515-Uni,14.25,New,,$249.00,JOHNKEW,10%,$224.10,https://thompsonpickleball.com/JOHNKEWPICKLEBALL,USAP certified,1 year,Hybrid,Gen-1,Cold Pressed,Peel Ply-Coarse,Carbon Fiber (American-Sourced),Honeycomb polypropylene,,"2,231",0.52,-3.64,1.65,79,Good,Tier 4,16.4,7.63,5.25,8.2,107.5,-1.25,-3.39,3.5,31,6.48,0.09,-3.56,2.62,59,22.9,-1.99,-3.21,3.54,18.12,89,1.44,,,-2.75,2.75,,,,-2.75,2.75,,,,59.8,38.3,,,
Thrive,Azul (medium-light),16,New,,$199.99,JOHNKEW,10%,$179.99,https://thrivepb.com/?sca_ref=5609835.GqRRIIgfl9,USAP certified,6 months,Hybrid,Gen-2,Thermoformed,Peel Ply-Coarse,Kevlar & Carbon Fiber,Honeycomb polypropylene + expanding foam,,"2,155",0.12,-3.64,1.65,71,Good,Tier 4,16.3,7.7,5.5,8.2,116.5,0.25,-3.39,3.5,53,6.62,0.36,-3.56,2.62,63,23.8,-0.37,-3.21,3.54,42.01,41,-0.35,,,-2.75,2.75,,,,-2.75,2.75,,,,59.1,38.3,,,
Thrive,Azul (medium),16,New,,$199.99,JOHNKEW,10%,$179.99,https://thrivepb.com/?sca_ref=5609835.GqRRIIgfl9,USAP certified,6 months,Hybrid,Gen-2,Thermoformed,Peel Ply-Coarse,Kevlar & Carbon Fiber,Honeycomb polypropylene + expanding foam,51.33,"2,144",0.06,-3.64,1.65,70,Good,Tier 4,16.3,7.7,5.5,8.2,117.3,0.39,-3.39,3.5,55,6.65,0.41,-3.56,2.62,64,23.9,-0.23,-3.21,3.54,44.21,35,-0.55,61.25,0.87,-2.75,2.75,66,38.92,0.59,-2.75,2.75,61,63.300,0.414,60.5,38.8,0.281,0.65,slightly power
Thrive,Fury,15.5,New,2/3/2026,$199.99,JOHNKEW,10%,$179.99,https://thrivepb.com/products/fury-hybrid?sca_ref=5609835.GqRRIIgfl9,USAP certified,6 months,Hybrid,Gen-3,Thermoformed,Peel Ply-Coarse,Toray Carbon Fiber,Honeycomb polypropylene + EVA + expanding foam,36.00,"2,276",0.76,-3.64,1.65,83,Good,Tier 4,16.22,7.76,5.43,8.1,111.6,-0.57,-3.39,3.5,41,6.49,0.11,-3.56,2.62,59,23.8,-0.32,-3.21,3.54,42.83,72,0.78,60.89,0.5,-2.75,2.75,59,38.97,0.65,-2.75,2.75,62,60.500,0.409,61.2,39.1,-0.153,-0.35,slightly pop
Thrive,Fury Elongated,15.5,New,10/11/2025,$199.99,JOHNKEW,10%,$179.99,https://thrivepb.com/products/fury-hybrid-15-5-mm-gen-3-5-power-series-6-month-warranty-copy?sca_ref=5609835.GqRRIIgfl9,USAP Certified,6 months,Elongated,Gen-3,Thermoformed,Peel Ply-Coarse,T700 Carbon Fiber,Honeycomb Polypropylene + TPE ring,56.14,"2,336",1.08,-3.64,1.65,89,Elite,Tier 4,16.46,7.48,5.47,7.9,115.7,0.12,-3.39,3.5,51,6.14,-0.56,-3.56,2.62,49,24.4,0.79,-3.21,3.54,59.31,45,-0.19,60.73,0.33,-2.75,2.75,56,38.75,0.35,-2.75,2.75,56,56.200,0.404,61.3,38.7,-0.02,-0.05,balanced
Thrive,Ignite Pro Elongated Arc,16,New,7/31/2026,$219.99,JOHNKEW,10%,$197.99,https://thrivepb.com/products/ignite-arc-elongated-foam?sca_ref=5609835.GqRRIIgfl9,USAP Certified,1 year,Elongated,Gen-4,Thermoformed,Coated peel-ply,"CFC (carbon, fiberglass, carbon)",Full Foam (EPP + TPE + expanding foam),35.05,"2,321",1,-3.64,1.65,88,Elite,Tier 3,16.42,7.48,5.47,7.9,113.2,-0.3,-3.39,3.5,45,6.24,-0.37,-3.56,2.62,52,24.1,0.24,-3.21,3.54,51.07,61,0.39,61.39,1.02,-2.75,2.75,69,39.21,1,-2.75,2.75,68,68.400,0.422,61.2,39.3,0.019,0.04,balanced
Thrive,Ignite Pro Hybrid,16,New,6/10/2026,$219.99,JOHNKEW,10%,$197.99,https://thrivepb.com/products/products-https-thrivepb-com-products-fury-hybrid-15-5-mm-gen-3-5-power-series-6-month-warranty-copy?sca_ref=5609835.GqRRIIgfl9,USAP certified,Lifetime,Hybrid,Gen-4,Thermoformed,Coated peel-ply,"CFC (carbon, fiberglass, carbon)",Full Foam (EPP + TPE + expanding foam),44.39,"2,222",0.47,-3.64,1.65,78,Good,Tier 3,16.26,7.8,5.35,8,113.5,-0.24,-3.39,3.5,46,6.78,0.66,-3.56,2.62,68,23.9,-0.13,-3.21,3.54,45.58,58,0.3,61.03,0.64,-2.75,2.75,62,39.01,0.71,-2.75,2.75,63,62.300,0.412,61.1,39.2,-0.067,-0.16,balanced
Thrive,Smoke,14.5,New,,$219.99,JOHNKEW,10%,$197.99,https://thrivepb.com/products/smoke?sca_ref=5609835.GqRRIIgfl9,USAP certified,6 months,Elongated,Gen-3,Thermoformed,Peel Ply-Coarse,Carbon Fiber,Wide cell honeycomb polypropylene + EVA + expanding foam,54.84,"2,167",0.18,-3.64,1.65,72,Good,Tier 4,16.5,7.5,5.6,8,119.2,0.7,-3.39,3.5,59,6.25,-0.35,-3.56,2.62,52,24.3,0.61,-3.21,3.54,56.56,24,-0.97,61.01,0.62,-2.75,2.75,61,38.91,0.57,-2.75,2.75,60,60.800,0.41,61,39.1,0.048,0.11,balanced
Thrive,Surge,16,New,,$199.99,JOHNKEW,10%,$179.99,https://thrivepb.com/?sca_ref=5609835.GqRRIIgfl9,USAP certified,6 months,Hybrid,Gen-2,Thermoformed,Peel Ply-Coarse,Toray Carbon Fiber,Honeycomb polypropylene + expanding foam,,"2,215",0.43,-3.64,1.65,77,Good,Tier 4,16.3,7.7,5.3,8,116.3,0.22,-3.39,3.5,52,6.73,0.57,-3.56,2.62,67,24.3,0.61,-3.21,3.54,56.56,39,-0.41,,,-2.75,2.75,,,,-2.75,2.75,,,,59.3,37.4,,,
Thrive,Ignite Pro Elongated,16,New,7/31/2026,$219.99,JOHNKEW,10%,$197.99,https://thrivepb.com/products/ignite-elongated-foam-new?sca_ref=5609835.GqRRIIgfl9,USAP Certified,1 year,Elongated,Gen-4,Thermoformed,Coated peel-ply,"CFC (carbon, fiberglass, carbon)",Full Foam (EPP + TPE + expanding foam),36.99,"2,353",1.17,-3.64,1.65,91,Elite,Tier 3,16.42,7.48,5.47,7.9,116.4,0.24,-3.39,3.5,53,6.25,-0.35,-3.56,2.62,52,24.6,1.16,-3.21,3.54,64.8,39,-0.42,61.17,0.79,-2.75,2.75,64,39.02,0.72,-2.75,2.75,63,63.800,0.415,61.4,39.1,0.071,0.16,balanced
Vatic Pro,Bloom Prism,16,New,,$99.99,JOHNKEW,$10,$89.99,https://vaticpro.com/?sca_ref=3717419.wRxewY5VFb,USAP certified,6 months,Widebody,Gen-2,Thermoformed,Peel Ply-Coarse,Toray Carbon Fiber,Honeycomb polypropylene + expanding foam,,"2,175",0.22,-3.64,1.65,73,Good,Tier 4,16,8,5.5,8,112.7,-0.39,-3.39,3.5,44,7.25,1.55,-3.56,2.62,83,23.8,-0.32,-3.21,3.54,42.83,63,0.48,,,-2.75,2.75,,,,-2.75,2.75,,,,58.3,35.8,,,
Vatic Pro,Bloom Prism 14,14,New,,$99.99,JOHNKEW,$10,$89.99,https://vaticpro.com/?sca_ref=3717419.wRxewY5VFb,USAP certified,6 months,Widebody,Gen-2,Thermoformed,Peel Ply-Coarse,Toray Carbon Fiber,Honeycomb polypropylene + expanding foam,,"2,103",-0.16,-3.64,1.65,66,Good,Tier 4,16,8,5.5,7.8,108.2,-1.12,-3.39,3.5,33,6.75,0.6,-3.56,2.62,67,23.8,-0.32,-3.21,3.54,42.83,84,1.22,,,-2.75,2.75,,,,-2.75,2.75,,,,58.1,36.6,,,
Vatic Pro,Bloom Saga,16,New,,$149.99,JOHNKEW,$10,$139.99,https://vaticpro.com/products/saga?sca_ref=3717419.wRxewY5VFb,USAP certified,6 months,Widebody,Gen-2,Thermoformed,Peel Ply-Coarse,Toray Carbon Fiber,Honeycomb polypropylene + expanding foam,56.93,"2,176",0.23,-3.64,1.65,73,Good,Tier 4,16,8,5.5,8,113,-0.33,-3.39,3.5,44,7.19,1.44,-3.56,2.62,81,23.8,-0.32,-3.21,3.54,42.83,61,0.39,,,-2.75,2.75,,,,-2.75,2.75,,,,58.7,38.2,,,
Vatic Pro,Flash,14,New,,$139.99,JOHNKEW,$10,$129.99,https://vaticpro.com/?sca_ref=3717419.wRxewY5VFb,USAP certified,6 months,Hybrid,Gen-2,Thermoformed,Peel Ply-Fine,Toray Carbon Fiber,Honeycomb polypropylene + expanding foam,,"2,174",0.22,-3.64,1.65,73,Good,Tier 4,16.3,7.7,5.3,8.1,,,-3.39,3.5,49,,,-3.56,2.62,58,,,-3.21,3.54,47.56,,,,,-2.75,2.75,,,,-2.75,2.75,,,,,,,,
Vatic Pro,Prism Flash,16,New,,$99.99,JOHNKEW,$10,$89.99,https://vaticpro.com/?sca_ref=3717419.wRxewY5VFb,USAP certified,6 months,Hybrid,Gen-2,Thermoformed,Peel Ply-Coarse,Toray Carbon Fiber,Honeycomb polypropylene + expanding foam,,"2,200",0.35,-3.64,1.65,76,Good,Tier 4,16.3,7.7,5.3,7.8,111,-0.66,-3.39,3.5,40,6.25,-0.35,-3.56,2.62,52,24,0.05,-3.21,3.54,48.33,74,0.89,,,-2.75,2.75,,,,-2.75,2.75,,,,58.3,36.2,,,
Vatic Pro,Saga Flash,16,New,,$149.99,JOHNKEW,$10,$139.99,https://vaticpro.com/products/saga?sca_ref=3717419.wRxewY5VFb,USAP certified,6 months,Hybrid,Gen-2,Thermoformed,Peel Ply-Coarse,Toray Carbon Fiber,Honeycomb polypropylene + expanding foam,,"2,157",0.13,-3.64,1.65,71,Good,Tier 4,16.3,7.7,5.3,8.3,116.8,0.31,-3.39,3.5,54,6.67,0.45,-3.56,2.62,65,24,0.05,-3.21,3.54,48.33,38,-0.44,,,-2.75,2.75,,,,-2.75,2.75,,,,60.1,36.6,,,
Vatic Pro,Saga Flash 14,14,New,,$129.99,JOHNKEW,$10,$119.99,https://vaticpro.com/products/saga?sca_ref=3717419.wRxewY5VFb,USAP certified,6 months,Hybrid,Gen-2,Thermoformed,Peel Ply-Coarse,Toray Carbon Fiber,Honeycomb polypropylene + expanding foam,60.22,"2,181",0.25,-3.64,1.65,74,Good,Tier 4,16.18,7.68,5.3,7.7,109,-1,-3.39,3.5,35,6.01,-0.8,-3.56,2.62,45,24,0.05,-3.21,3.54,48.33,82,1.17,59.69,-0.77,-2.75,2.75,36,38.42,-0.12,-2.75,2.75,48,41.900,0.387,60.16,38.08,-0.651,-1.51,pop-leaning
Vatic Pro,Saga Flash 16,16,New,,$129.99,JOHNKEW,$10,$119.99,https://vaticpro.com/products/saga?sca_ref=3717419.wRxewY5VFb,USAP certified,6 months,Hybrid,Gen-2,Thermoformed,Peel Ply-Coarse,Toray Carbon Fiber,Honeycomb polypropylene + expanding foam,61.09,"2,146",0.07,-3.64,1.65,70,Good,Tier 4,16.18,7.68,5.3,8.4,117.4,0.41,-3.39,3.5,55,6.74,0.58,-3.56,2.62,67,24.3,0.61,-3.21,3.54,56.56,33,-0.64,59.87,-0.59,-2.75,2.75,39,37.96,-0.78,-2.75,2.75,36,37.600,0.384,61,37.8,0.193,0.45,slightly power
Vatic Pro,Saga Flash LH,16,New,,$149.99,JOHNKEW,$10,$139.99,https://vaticpro.com/products/saga?sca_ref=3717419.wRxewY5VFb,USAP certified,6 months,Hybrid,Gen-2,Thermoformed,Peel Ply-Coarse,Toray Carbon Fiber,Honeycomb polypropylene + expanding foam,,"2,186",0.28,-3.64,1.65,74,Good,Tier 4,16.38,7.63,5.75,8.2,121,1,-3.39,3.5,64,6.21,-0.42,-3.56,2.62,51,24.6,1.16,-3.21,3.54,64.8,18,-1.19,,,-2.75,2.75,,,,-2.75,2.75,,,,60.4,36.8,,,
Vatic Pro,Saga V7,16,New,,$149.99,JOHNKEW,$10,$139.99,https://vaticpro.com/products/saga?sca_ref=3717419.wRxewY5VFb,USAP certified,6 months,Elongated,Gen-2,Thermoformed,Peel Ply-Coarse,Toray Carbon Fiber,Honeycomb polypropylene + expanding foam,,"2,209",0.4,-3.64,1.65,76,Good,Tier 4,16.5,7.5,5.3,8.1,119.8,0.81,-3.39,3.5,61,6.59,0.3,-3.56,2.62,62,24.6,1.16,-3.21,3.54,64.8,19,-1.14,,,-2.75,2.75,,,,-2.75,2.75,,,,60.4,36.5,,,
Vatic Pro,V-Sol Power Bloom,16,New,,$109.99,JOHNKEW,$10,$99.99,https://vaticpro.com/collections/paddles/products/vsol-power?sca_ref=3717419.wRxewY5VFb,USAP certified,6 months,Widebody,Gen-4,Thermoformed,Peel Ply-Coarse,Toray Carbon Fiber,Full Foam (EPP + expanding foam),48.22,"2,119",-0.08,-3.64,1.65,67,Good,Tier 4,15.98,7.95,5.47,8.1,111,-0.66,-3.39,3.5,40,7.02,1.12,-3.56,2.62,76,23.6,-0.69,-3.21,3.54,37.34,74,0.88,,,-2.75,2.75,,,,-2.75,2.75,,,,60.6,38.66,,,
Vatic Pro,V-Sol Power Flash,16,New,,$109.99,JOHNKEW,$10,$99.99,https://vaticpro.com/collections/paddles/products/vsol-power?sca_ref=3717419.wRxewY5VFb,USAP certified,6 months,Hybrid,Gen-4,Thermoformed,Peel Ply-Coarse,Toray Carbon Fiber,Full Foam (EPP + expanding foam),48.54,"2,156",0.12,-3.64,1.65,71,Good,Tier 4,16.22,7.72,5.43,8,111.8,-0.54,-3.39,3.5,41,6.28,-0.29,-3.56,2.62,53,23.7,-0.5,-3.21,3.54,40.09,71,0.77,60.96,0.57,-2.75,2.75,60,38.92,0.59,-2.75,2.75,61,60.500,0.41,60.5,38.8,-0.025,-0.06,balanced
Vatic Pro,V-Sol Power V7,16,New,,$109.99,JOHNKEW,$10,$99.99,https://vaticpro.com/collections/paddles/products/vsol-power?sca_ref=3717419.wRxewY5VFb,USAP certified,6 months,Elongated,Gen-4,Thermoformed,Peel Ply-Coarse,Toray Carbon Fiber,Full Foam (EPP + expanding foam),50.56,"2,128",-0.03,-3.64,1.65,68,Good,Tier 4,16.46,7.52,5.39,8.2,118,0.51,-3.39,3.5,57,6.65,0.41,-3.56,2.62,64,24,0.05,-3.21,3.54,48.33,30,-0.76,,,-2.75,2.75,,,,-2.75,2.75,,,,60.4,38.75,,,
Vatic Pro,V-Sol Power V7-LH,16,New,,$109.99,JOHNKEW,$10,$99.99,https://vaticpro.com/collections/paddles/products/vsol-power?sca_ref=3717419.wRxewY5VFb,USAP certified,6 months,Elongated,Gen-4,Thermoformed,Peel Ply-Coarse,Toray Carbon Fiber,Full Foam (EPP + expanding foam),50.61,"2,133",0,-3.64,1.65,69,Good,Tier 4,16.42,7.48,5.71,8.1,121,1.01,-3.39,3.5,64,6.3,-0.25,-3.56,2.62,54,24.4,0.79,-3.21,3.54,59.31,17,-1.23,,,-2.75,2.75,,,,-2.75,2.75,,,,60.69,38.32,,,
Vatic Pro,V-Sol Pro Bloom,16,New,,$109.99,JOHNKEW,$10,$99.99,https://vaticpro.com/collections/paddles/products/v-sol-pro-16mm?sca_ref=3717419.wRxewY5VFb,USAP certified,6 months,Widebody,Gen-4,Thermoformed,Peel Ply-Coarse,Toray Carbon Fiber,Full Foam (EPP + EVA + expanding foam),,"2,169",0.19,-3.64,1.65,72,Good,Tier 4,15.98,7.95,5.47,8,107.5,-1.25,-3.39,3.5,31,6.83,0.76,-3.56,2.62,70,23.3,-1.25,-3.21,3.54,29.11,88,1.39,,,-2.75,2.75,,,,-2.75,2.75,,,,61.45,38.4,,,
Vatic Pro,V-Sol Pro Flash,16,New,,$109.99,JOHNKEW,$10,$99.99,https://vaticpro.com/collections/paddles/products/v-sol-pro-16mm?sca_ref=3717419.wRxewY5VFb,USAP certified,6 months,Hybrid,Gen-4,Thermoformed,Peel Ply-Coarse,Toray Carbon Fiber,Full Foam (EPP + EVA + expanding foam),51.01,"2,178",0.24,-3.64,1.65,73,Good,Tier 4,16.22,7.72,5.43,8.1,107.2,-1.29,-3.39,3.5,31,6.43,0,-3.56,2.62,58,23.1,-1.62,-3.21,3.54,23.62,91,1.48,60.24,-0.19,-2.75,2.75,47,38.51,0.01,-2.75,2.75,50,48.300,0.394,62.25,38.42,-0.201,-0.47,slightly pop
Vatic Pro,V-Sol Pro V7,16,New,,$109.99,JOHNKEW,$10,$99.99,https://vaticpro.com/collections/paddles/products/v-sol-pro-16mm?sca_ref=3717419.wRxewY5VFb,USAP certified,6 months,Elongated,Gen-4,Thermoformed,Peel Ply-Coarse,Toray Carbon Fiber,Full Foam (EPP + EVA + expanding foam),45.78,"2,196",0.33,-3.64,1.65,75,Good,Tier 4,16.46,7.52,5.39,8.2,115.8,0.14,-3.39,3.5,51,6.55,0.22,-3.56,2.62,61,23.6,-0.69,-3.21,3.54,37.34,46,-0.14,59.9,-0.55,-2.75,2.75,40,37.97,-0.75,-2.75,2.75,36,38.100,0.384,62.39,38.74,0.203,0.47,slightly power
Vatic Pro,V-Sol Pro V7-LH,16,New,,$109.99,JOHNKEW,$10,$99.99,https://vaticpro.com/collections/paddles/products/v-sol-pro-16mm?sca_ref=3717419.wRxewY5VFb,USAP certified,6 months,Elongated,Gen-4,Thermoformed,Peel Ply-Coarse,Toray Carbon Fiber,Full Foam (EPP + EVA + expanding foam),48.36,"2,167",0.18,-3.64,1.65,72,Good,Tier 4,16.42,7.48,5.71,8,113,-0.33,-3.39,3.5,44,5.92,-0.97,-3.56,2.62,42,23.6,-0.69,-3.21,3.54,37.34,64,0.52,59.76,-0.7,-2.75,2.75,37,37.93,-0.81,-2.75,2.75,35,36.200,0.383,59.9,38.3,0.109,0.25,slightly power
Vatic Pro,V-Sol Tour Bloom,16,New,8/31/2026,$109.99,JOHNKEW,$10,$99.99,https://vaticpro.com/products/v-sol-tour?sca_ref=3717419.wRxewY5VFb,USAP Certified,1 year,Widebody,Gen 4,Thermoformed,Grit infused Peel Ply-Coarse,"CFC (carbon, fiberglass, carbon)",Full Foam (EPP + EVA Ring),43.33,"2,278",0.77,-3.64,1.65,83,Good,Tier 1,15.95,7.92,5.47,8,112.1,-0.48,-3.39,3.5,42,7.12,1.31,-3.56,2.62,79,23.6,-0.69,-3.21,3.54,37.34,68,0.64,60.67,0.27,-2.75,2.75,55,38.83,0.46,-2.75,2.75,58,56.600,0.404,60.6,38.46,-0.195,-0.45,slightly pop
Vatic Pro,V-Sol Tour Elongated,16,New,8/31/2026,$109.99,JOHNKEW,$10,$99.99,https://vaticpro.com/products/v-sol-tour?sca_ref=3717419.wRxewY5VFb,USAP Certified,1 year,Elongated,Gen 4,Thermoformed,Grit infused Peel Ply-Coarse,"CFC (carbon, fiberglass, carbon)",Full Foam (EPP + EVA Ring),45.71,"2,246",0.6,-3.64,1.65,80,Good,Tier 1,16.46,7.43,5.59,8.1,119.4,0.73,-3.39,3.5,60,6.33,-0.19,-3.56,2.62,54,24.2,0.42,-3.21,3.54,53.82,23,-0.99,60.65,0.24,-2.75,2.75,54,38.44,-0.09,-2.75,2.75,48,51.400,0.399,60.6,38.46,0.331,0.77,power-leaning
Vatic Pro,V-Sol Tour Flash,16,New,8/31/2026,$109.99,JOHNKEW,$10,$99.99,https://vaticpro.com/products/v-sol-tour?sca_ref=3717419.wRxewY5VFb,USAP Certified,1 year,Hybrid,Gen 4,Thermoformed,Grit infused Peel Ply-Coarse,"CFC (carbon, fiberglass, carbon)",Full Foam (EPP + EVA Ring),45.79,"2,255",0.65,-3.64,1.65,81,Good,Tier 1,16.23,7.69,5.39,8,113.5,-0.24,-3.39,3.5,46,6.59,0.3,-3.56,2.62,62,23.9,-0.13,-3.21,3.54,45.58,59,0.33,60.36,-0.06,-2.75,2.75,49,38.51,0,-2.75,2.75,50,49.400,0.396,60.6,38.46,-0.062,-0.14,balanced
Vatic Pro,V7,16,New,,$139.99,JOHNKEW,$10,$129.99,https://vaticpro.com/?sca_ref=3717419.wRxewY5VFb,USAP certified,6 months,Elongated,Gen-2,Thermoformed,Peel Ply-Coarse,Toray Carbon Fiber,Honeycomb polypropylene + expanding foam,,"1,981",-0.81,-3.64,1.65,54,Fair,Tier 4,16.5,7.5,5.3,8.2,124,1.5,-3.39,3.5,71,6.68,0.47,-3.56,2.62,65,23.2,-1.43,-3.21,3.54,26.36,13,-1.37,,,-2.75,2.75,,,,-2.75,2.75,,,,59.6,36.3,,,
Versix,Vector,15,New,,$129.99,JOHNKEW,10%,$116.99,https://pickleballcentral.com/?oid=9&affid=7926664,Dual certified - USAP and UPA-A,1 year,Elongated,Gen-2,Thermoformed,Peel Ply-Coarse,T700 Carbon Fiber,Honeycomb polypropylene + expanding foam,,"2,103",-0.16,-3.64,1.65,66,Good,Tier 4,16.5,7.5,6,8.4,122.2,1.2,-3.39,3.5,67,6.93,0.95,-3.56,2.62,73,24.3,0.61,-3.21,3.54,56.56,11,-1.43,,,-2.75,2.75,,,,-2.75,2.75,,,,60.3,37.9,,,
Volair,Alto,14,New,,$99.99,JOHNKEW,10%,$89.99,https://bit.ly/3P0E4mK,USAP certified,1 year,Elongated,Gen-1,Cold Pressed,Grit,Fiberglass,Honeycomb polypropylene,,"1,798",-1.78,-3.64,1.65,35,Poor,Tier 4,16.5,7.5,5.5,7.7,110.3,-0.78,-3.39,3.5,38,5.75,-1.3,-3.56,2.62,37,24,0.05,-3.21,3.54,48.33,77,0.99,,,-2.75,2.75,,,,-2.75,2.75,,,,56.9,36.5,,,
Volair,Alto,16,New,,$99.99,JOHNKEW,10%,$89.99,https://vaticpro.com/?sca_ref=3717419.wRxewY5VFb,USAP certified,1 year,Elongated,Gen-1,Cold Pressed,Grit,Fiberglass,Honeycomb polypropylene,,"1,737",-2.1,-3.64,1.65,29,Poor,Tier 4,16.5,7.5,5.5,8.2,119.8,0.8,-3.39,3.5,61,6.2,-0.44,-3.56,2.62,50,24.4,0.79,-3.21,3.54,59.31,21,-1.06,,,-2.75,2.75,,,,-2.75,2.75,,,,57.3,36,,,
Volair,Corto,14,New,,$99.99,JOHNKEW,10%,$89.99,https://bit.ly/3P0E4mK,USAP certified,1 year,Widebody,Gen-1,Cold Pressed,Grit,Fiberglass,Honeycomb polypropylene,,"1,892",-1.28,-3.64,1.65,45,Poor,Tier 4,15.88,8.12,5.5,7.8,103.5,-1.92,-3.39,3.5,21,6.85,0.79,-3.56,2.62,70,23.4,-1.06,-3.21,3.54,31.85,93,1.58,,,-2.75,2.75,,,,-2.75,2.75,,,,56.7,36.8,,,
Volair,Corto,16,New,,$99.99,JOHNKEW,10%,$89.99,https://vaticpro.com/?sca_ref=3717419.wRxewY5VFb,USAP certified,1 year,Widebody,Gen-1,Cold Pressed,Grit,Fiberglass,Honeycomb polypropylene,,"1,984",-0.79,-3.64,1.65,54,Fair,Tier 4,15.88,8.12,5.5,8.1,110.1,-0.81,-3.39,3.5,37,7.1,1.27,-3.56,2.62,78,23.8,-0.32,-3.21,3.54,42.83,76,0.94,,,-2.75,2.75,,,,-2.75,2.75,,,,57.3,35.5,,,
Volair,Mach 1,16,New,,$139.99,JOHNKEW,10%,$125.99,https://bit.ly/3P0E4mK,USAP certified,1 year,Elongated,Gen-1,Cold Pressed,Peel Ply-Coarse,T700 Carbon Fiber,Honeycomb polypropylene,69.78,"2,002",-0.7,-3.64,1.65,56,Fair,Tier 4,16.5,7.5,5.5,7.7,110,-0.83,-3.39,3.5,37,5.72,-1.35,-3.56,2.62,36,24,0.05,-3.21,3.54,48.33,79,1.06,57.7,-2.87,-2.75,2.75,0,36.52,-2.81,-2.75,2.75,0,0.000,0.351,56.5,36,-0.062,-0.14,balanced
Volair,Mach 1,14,New,,$139.99,JOHNKEW,10%,$125.99,https://bit.ly/3P0E4mK,USAP certified,1 year,Elongated,Gen-1,Cold Pressed,Peel Ply-Coarse,T700 Carbon Fiber,Honeycomb polypropylene,,"2,123",-0.05,-3.64,1.65,68,Good,Tier 4,16.5,7.5,5.5,8,114,-0.16,-3.39,3.5,47,5.92,-0.97,-3.56,2.62,42,24.2,0.42,-3.21,3.54,53.82,58,0.27,,,-2.75,2.75,,,,-2.75,2.75,,,,56.8,36,,,
Volair,Mach 1 Forza,14,New,,$179.99,JOHNKEW,10%,$161.99,https://bit.ly/3P0E4mK,USAP certified,1 year,Elongated,Gen-2,Thermoformed,Peel Ply-Coarse,T700 Carbon Fiber,Honeycomb polypropylene + expanding foam,,"2,332",1.06,-3.64,1.65,89,Elite,Tier 4,16.5,7.5,5.5,7.8,111,-0.66,-3.39,3.5,40,6.16,-0.52,-3.56,2.62,49,23.9,-0.13,-3.21,3.54,45.58,75,0.92,,,-2.75,2.75,,,,-2.75,2.75,,,,56.3,36.9,,,
Volair,Mach 1 Forza,16,New,,$179.99,JOHNKEW,10%,$161.99,https://bit.ly/3P0E4mK,USAP certified,1 year,Elongated,Gen-2,Thermoformed,Peel Ply-Coarse,T700 Carbon Fiber,Honeycomb polypropylene + expanding foam,,"2,205",0.38,-3.64,1.65,76,Good,Tier 4,16.5,7.5,5.5,8,115,0,-3.39,3.5,49,6.4,-0.06,-3.56,2.62,57,24.1,0.24,-3.21,3.54,51.07,51,0.01,,,-2.75,2.75,,,,-2.75,2.75,,,,58.1,36.9,,,
Volair,Mach 2,14,New,,$139.99,JOHNKEW,10%,$125.99,https://bit.ly/3P0E4mK,USAP certified,1 year,Widebody,Gen-1,Cold Pressed,Peel Ply-Coarse,T700 Carbon Fiber,Honeycomb polypropylene,,"2,319",0.99,-3.64,1.65,87,Elite,Tier 4,15.88,8.12,5.5,7.8,105.3,-1.61,-3.39,3.5,26,6.75,0.6,-3.56,2.62,67,23.3,-1.25,-3.21,3.54,29.11,92,1.54,,,-2.75,2.75,,,,-2.75,2.75,,,,55.8,35.9,,,
Volair,Mach 2,16,New,,$139.99,JOHNKEW,10%,$125.99,https://bit.ly/3P0E4mK,USAP certified,1 year,Widebody,Gen-1,Cold Pressed,Peel Ply-Coarse,T700 Carbon Fiber,Honeycomb polypropylene,,"2,329",1.04,-3.64,1.65,88,Elite,Tier 4,15.88,8.12,5.5,8,107.2,-1.29,-3.39,3.5,30,6.9,0.89,-3.56,2.62,72,23.4,-1.06,-3.21,3.54,31.85,89,1.42,,,-2.75,2.75,,,,-2.75,2.75,,,,57.7,37,,,
Volair,Mach 2 Forza,16,New,,$179.99,JOHNKEW,10%,$161.99,https://bit.ly/3P0E4mK,USAP certified,1 year,Widebody,Gen-2,Thermoformed,Peel Ply-Coarse,T700 Carbon Fiber,Honeycomb polypropylene + expanding foam,81.41,"2,330",1.04,-3.64,1.65,89,Elite,Tier 4,15.88,8.12,5.5,8.1,113.4,-0.27,-3.39,3.5,45,7.3,1.65,-3.56,2.62,84,23.8,-0.32,-3.21,3.54,42.83,59,0.33,57.99,-2.57,-2.75,2.75,3,36.75,-2.48,-2.75,2.75,5,4.100,0.355,58.2,35.9,-0.083,-0.19,balanced
Volair,Mach 2 Forza,14,New,,$179.99,JOHNKEW,10%,$161.99,https://bit.ly/3P0E4mK,USAP certified,1 year,Widebody,Gen-2,Thermoformed,Peel Ply-Coarse,T700 Carbon Fiber,Honeycomb polypropylene + expanding foam,,"2,236",0.55,-3.64,1.65,79,Good,Tier 4,15.88,8.12,5.5,7.8,107.7,-1.22,-3.39,3.5,31,6.8,0.7,-3.56,2.62,69,23.7,-0.5,-3.21,3.54,40.09,86,1.33,,,-2.75,2.75,,,,-2.75,2.75,,,,57.5,37.2,,,
Volair,Shift Elongated,14,New,,$189.99,JOHNKEW,10%,$170.99,https://volair.com/collections/shift-series?rfsn=7599845.416c48&utm_source=refersion&utm_medium=affiliate&utm_campaign=7599845.416c48,USAP certified,1 year,Elongated,Gen-4,Thermoformed,Peel Ply-Coarse,T700 Carbon Fiber,Full Foam (EPP + EVA + expanding foam),48.04,"2,181",0.25,-3.64,1.65,74,Good,Tier 4,16.54,7.48,5.71,8.2,122.5,1.25,-3.39,3.5,67,6.33,-0.19,-3.56,2.62,54,24.4,0.79,-3.21,3.54,59.31,12,-1.42,60.83,0.43,-2.75,2.75,58,38.7,0.28,-2.75,2.75,55,56.500,0.405,60.9,38.7,0.151,0.35,slightly power
Volair,Shift Hybrid,14,New,,$189.99,JOHNKEW,10%,$170.99,https://volair.com/collections/shift-series?rfsn=7599845.416c48&utm_source=refersion&utm_medium=affiliate&utm_campaign=7599845.416c48,USAP certified,1 year,Hybrid,Gen-4,Thermoformed,Peel Ply-Coarse,T700 Carbon Fiber,Full Foam (EPP + EVA + expanding foam),58.07,"2,163",0.16,-3.64,1.65,72,Good,Tier 4,16.26,7.72,5.55,8.2,117.3,0.38,-3.39,3.5,55,6.68,0.47,-3.56,2.62,65,23.2,-1.43,-3.21,3.54,26.36,38,-0.47,60.19,-0.25,-2.75,2.75,45,38.36,-0.2,-2.75,2.75,46,45.900,0.391,60.5,38.8,-0.043,-0.1,balanced
Volair,Shift Widebody,14,New,,$189.99,JOHNKEW,10%,$170.99,https://volair.com/collections/shift-series?rfsn=7599845.416c48&utm_source=refersion&utm_medium=affiliate&utm_campaign=7599845.416c48,USAP certified,1 year,Widebody,Gen-4,Thermoformed,Peel Ply-Coarse,T700 Carbon Fiber,Full Foam (EPP + EVA + expanding foam),57.67,"2,137",0.02,-3.64,1.65,69,Good,Tier 4,15.87,8.15,5.83,8.3,108.2,-1.13,-3.39,3.5,33,7.43,1.9,-3.56,2.62,88,24.7,1.35,-3.21,3.54,67.54,79,1.07,59.88,-0.57,-2.75,2.75,40,38.74,0.33,-2.75,2.75,56,47.800,0.393,60.3,39,-0.894,-2.07,pop-leaning
Vulcan,Dark Matter,16,New,3/1/2026,$249.99,Use Affiliate Link,10%,$224.99,https://vulcanpickleball.com/products/vulcan-chpt-01-kyrgios,UPA-A Certified,6 months,Hybrid,Gen-4,Thermoformed,Peel Ply-Coarse,T700 Carbon Fiber,Full Foam,42.04,"2,159",0.14,-3.64,1.65,71,Good,Tier 4,16.3,7.52,5.51,7.9,109.5,-0.91,-3.39,3.5,36,5.6,-1.58,-3.56,2.62,32,23.5,-0.87,-3.21,3.54,34.6,83,1.22,60.93,0.53,-2.75,2.75,60,38.88,0.53,-2.75,2.75,60,59.700,0.409,61.3,38.8,0.007,0.02,balanced
Vulcan,Kyrgios,16,New,3/1/2026,$249.99,Use Affiliate Link,10%,$224.99,https://vulcanpickleball.com/products/vulcan-chpt-01-kyrgios,UPA-A Certified,6 months,Elongated,Gen-4,Thermoformed,Peel Ply-Coarse,T700 Carbon Fiber,Full Foam,44.96,"2,197",0.34,-3.64,1.65,75,Good,Tier 4,16.5,7.5,5.63,8.2,118.3,0.56,-3.39,3.5,57,6.03,-0.77,-3.56,2.62,45,24.3,0.61,-3.21,3.54,56.56,28,-0.8,60.97,0.58,-2.75,2.75,61,38.67,0.23,-2.75,2.75,54,57.300,0.407,61.2,38.7,0.356,0.82,power-leaning
Vulcan,White Matter,16,New,3/1/2026,$249.99,Use Affiliate Link,10%,$224.99,https://vulcanpickleball.com/products/vulcan-chpt-01-kyrgios,UPA-A Certified,6 months,Widebody,Gen4,Thermoformed,Peel Ply-Coarse,T700 Carbon Fiber,Full Foam,49.46,"2,248",0.61,-3.64,1.65,80,Good,Tier 4,16.1,7.99,5.55,7.8,110.6,-0.74,-3.39,3.5,39,6.55,0.22,-3.56,2.62,61,24,0.05,-3.21,3.54,48.33,75,0.89,60.8,0.4,-2.75,2.75,57,38.99,0.68,-2.75,2.75,62,59.800,0.408,61.1,38.9,-0.286,-0.66,slightly pop
Warping Point,Sophon,16,New,6/1/2026,$149.99,JOHNKEW,10%,$134.99,https://warpingpoint.com/products/sophon-pickleball-paddle-16mm,UPA-A certified,1 year,Elongated,Gen-4,Thermoformed,Peel Ply-Coarse,T700 Carbon Fiber,Full Foam (EPP + TPE + expanding foam),48.19,"2,161",0.15,-3.64,1.65,72,Good,Tier 4,16.54,7.47,5.59,8,121,1,-3.39,3.5,64,6.31,-0.23,-3.56,2.62,54,24.5,0.98,-3.21,3.54,62.05,18,-1.19,60.46,0.04,-2.75,2.75,51,38.31,-0.28,-2.75,2.75,45,47.800,0.395,60.5,38.3,0.319,0.74,slightly power
Wilson,Vesper Control 17,17,New,,$249.00,Use Affiliate Link,10%,$224.10,https://pickleballcentral.com/?oid=9&affid=7926664,USAP certified,1 year,Widebody,Gen-2,Thermoformed-edgeless,Peel Ply-Coarse,Carbon Fiber,Honeycomb polypropylene + expanding foam,,"2,013",-0.64,-3.64,1.65,57,Fair,Tier 4,15.98,7.87,5,8.1,114.3,-0.11,-3.39,3.5,48,6.15,-0.54,-3.56,2.62,49,23.9,-0.13,-3.21,3.54,45.58,55,0.17,,,-2.75,2.75,,,,-2.75,2.75,,,,56.15,36,,,
Wilson,Vesper Power 14,14,New,,$249.00,Use Affiliate Link,10%,$224.10,https://pickleballcentral.com/?oid=9&affid=7926664,USAP certified,1 year,Elongated,Gen-2,Thermoformed-edgeless,Peel Ply-Coarse,Carbon Fiber,Honeycomb polypropylene + expanding foam,,"2,009",-0.66,-3.64,1.65,56,Fair,Tier 4,16.42,7.4,5.25,8.1,117.6,0.44,-3.39,3.5,56,5.45,-1.87,-3.56,2.62,27,23.8,-0.32,-3.21,3.54,42.83,37,-0.51,,,-2.75,2.75,,,,-2.75,2.75,,,,60.04,38.41,,,